Workbook

Sheet Feb_2025_Bal
B2: ='Finished Goods Stock Balance'!A4 -> December-99 | C2: Opening Stock | D2: Units Produced | E2: Units Sold | F2: Closing Inventory | H2: Trial Balance Opening Stock + Production Value | I2: Unit Cost | J2: Sold Unit Total Cost | K2: Closing Inventory
B3: Total | C3: =SUM(C7:C16) -> 0 | D3: =SUM(D7:D16) -> 0 | E3: =SUM(E7:E16) -> 0 | F3: =SUM(F7:F16) -> 0 | I3: 6881.91 | J3: =I3*E3 -> 0 | K3: =H3-J3 -> 0
B6: SKU | C6: Opening Stock | D6: Units Produced | E6: Units Sold | F6: Closing Inventory
B7: K&K-Lip-140C-70B | C7: {=TRANSPOSE('Finished Goods Stock Balance'!C4:L4)} | D7: =SUMIF('Finished Goods Stock Balance'!A:A,$B$2,'Finished Goods Stock Balance'!M:M) -> 0 | E7: =SUMIF('Finished Goods Stock Balance'!A:A,$B$2,'Finished Goods Stock Balance'!W:W) -> 0 | F7: =C7+D7-E7 -> 0
B8: K&K-Lyc-140C-70B | D8: =SUMIF('Finished Goods Stock Balance'!A:A,$B$2,'Finished Goods Stock Balance'!N:N) -> 0 | E8: =SUMIF('Finished Goods Stock Balance'!A:A,$B$2,'Finished Goods Stock Balance'!X:X) -> 0 | F8: =C8+D8-E8 -> 0
B9: K&K-Str-140C-70B | D9: =SUMIF('Finished Goods Stock Balance'!A:A,$B$2,'Finished Goods Stock Balance'!O:O) -> 0 | E9: =SUMIF('Finished Goods Stock Balance'!A:A,$B$2,'Finished Goods Stock Balance'!Y:Y) -> 0 | F9: =C9+D9-E9 -> 0
B10: K&K-Gra-140C-70B | D10: =SUMIF('Finished Goods Stock Balance'!A:A,$B$2,'Finished Goods Stock Balance'!P:P) -> 0 | E10: =SUMIF('Finished Goods Stock Balance'!A:A,$B$2,'Finished Goods Stock Balance'!Z:Z) -> 0 | F10: =C10+D10-E10 -> 0
B11: K&K-Tam-140C-70B | D11: =SUMIF('Finished Goods Stock Balance'!A:A,$B$2,'Finished Goods Stock Balance'!Q:Q) -> 0 | E11: =SUMIF('Finished Goods Stock Balance'!A:A,$B$2,'Finished Goods Stock Balance'!AA:AA) -> 0 | F11: =C11+D11-E11 -> 0
B12: K&K-Lip-175C-70B | D12: =SUMIF('Finished Goods Stock Balance'!A:A,$B$2,'Finished Goods Stock Balance'!R:R) -> 0 | E12: =SUMIF('Finished Goods Stock Balance'!A:A,$B$2,'Finished Goods Stock Balance'!AB:AB) -> 0 | F12: =C12+D12-E12 -> 0
B13: K&K-Lyc-175C-70B | D13: =SUMIF('Finished Goods Stock Balance'!A:A,$B$2,'Finished Goods Stock Balance'!S:S) -> 0 | E13: =SUMIF('Finished Goods Stock Balance'!A:A,$B$2,'Finished Goods Stock Balance'!AC:AC) -> 0 | F13: =C13+D13-E13 -> 0
B14: K&K-Str-175C-70B | D14: =SUMIF('Finished Goods Stock Balance'!A:A,$B$2,'Finished Goods Stock Balance'!T:T) -> 0 | E14: =SUMIF('Finished Goods Stock Balance'!A:A,$B$2,'Finished Goods Stock Balance'!AD:AD) -> 0 | F14: =C14+D14-E14 -> 0
B15: K&K-Gra-175C-70B | D15: =SUMIF('Finished Goods Stock Balance'!A:A,$B$2,'Finished Goods Stock Balance'!U:U) -> 0 | E15: =SUMIF('Finished Goods Stock Balance'!A:A,$B$2,'Finished Goods Stock Balance'!AE:AE) -> 0 | F15: =C15+D15-E15 -> 0
B16: K&K-Tam-175C-70B | D16: =SUMIF('Finished Goods Stock Balance'!A:A,$B$2,'Finished Goods Stock Balance'!V:V) -> 0 | E16: =SUMIF('Finished Goods Stock Balance'!A:A,$B$2,'Finished Goods Stock Balance'!AF:AF) -> 0 | F16: =C16+D16-E16 -> 0

Sheet Mar_2025_Bal
B2: ='Finished Goods Stock Balance'!A53 -> December-99 | C2: Opening Stock | D2: Units Produced | E2: Units Sold | F2: Closing Inventory Before Losses | G2: Unit Losses | H2: Closing Inventory After Losses
B3: Total | C3: =SUM(C7:C16) -> 0 | D3: =SUM(D7:D16) -> 0 | E3: =SUM(E7:E16) -> 0 | F3: =H3-G3 -> 0 | G3: =SUM(G7:G16) -> 0 | H3: =SUM(F7:F16) -> 0
B6: SKU | C6: Opening Stock | D6: Units Produced | E6: Units Sold | F6: Closing Inventory After Losses | G6: Unit losses
B7: K&K-Lip-140C-70B | C7: {=TRANSPOSE('Finished Goods Stock Balance'!C24:L24)} | D7: =SUMIF('Finished Goods Stock Balance'!A:A,$B$2,'Finished Goods Stock Balance'!M:M) -> 0 | E7: =SUMIF('Finished Goods Stock Balance'!A:A,$B$2,'Finished Goods Stock Balance'!W:W) -> 0 | F7: =C7+D7-E7+G7 -> 0 | G7: {=TRANSPOSE('Finished Goods Stock Balance'!AT54:BC54)}
B8: K&K-Lyc-140C-70B | D8: =SUMIF('Finished Goods Stock Balance'!A:A,$B$2,'Finished Goods Stock Balance'!N:N) -> 0 | E8: =SUMIF('Finished Goods Stock Balance'!A:A,$B$2,'Finished Goods Stock Balance'!X:X) -> 0 | F8: =C8+D8-E8+G8 -> 0
B9: K&K-Str-140C-70B | D9: =SUMIF('Finished Goods Stock Balance'!A:A,$B$2,'Finished Goods Stock Balance'!O:O) -> 0 | E9: =SUMIF('Finished Goods Stock Balance'!A:A,$B$2,'Finished Goods Stock Balance'!Y:Y) -> 0 | F9: =C9+D9-E9+G9 -> 0
B10: K&K-Gra-140C-70B | D10: =SUMIF('Finished Goods Stock Balance'!A:A,$B$2,'Finished Goods Stock Balance'!P:P) -> 0 | E10: =SUMIF('Finished Goods Stock Balance'!A:A,$B$2,'Finished Goods Stock Balance'!Z:Z) -> 0 | F10: =C10+D10-E10+G10 -> 0
B11: K&K-Tam-140C-70B | D11: =SUMIF('Finished Goods Stock Balance'!A:A,$B$2,'Finished Goods Stock Balance'!Q:Q) -> 0 | E11: =SUMIF('Finished Goods Stock Balance'!A:A,$B$2,'Finished Goods Stock Balance'!AA:AA) -> 0 | F11: =C11+D11-E11+G11 -> 0
B12: K&K-Lip-175C-70B | D12: =SUMIF('Finished Goods Stock Balance'!A:A,$B$2,'Finished Goods Stock Balance'!R:R) -> 0 | E12: =SUMIF('Finished Goods Stock Balance'!A:A,$B$2,'Finished Goods Stock Balance'!AB:AB) -> 0 | F12: =C12+D12-E12+G12 -> 0
B13: K&K-Lyc-175C-70B | D13: =SUMIF('Finished Goods Stock Balance'!A:A,$B$2,'Finished Goods Stock Balance'!S:S) -> 0 | E13: =SUMIF('Finished Goods Stock Balance'!A:A,$B$2,'Finished Goods Stock Balance'!AC:AC) -> 0 | F13: =C13+D13-E13+G13 -> 0
B14: K&K-Str-175C-70B | D14: =SUMIF('Finished Goods Stock Balance'!A:A,$B$2,'Finished Goods Stock Balance'!T:T) -> 0 | E14: =SUMIF('Finished Goods Stock Balance'!A:A,$B$2,'Finished Goods Stock Balance'!AD:AD) -> 0 | F14: =C14+D14-E14+G14 -> 0
B15: K&K-Gra-175C-70B | D15: =SUMIF('Finished Goods Stock Balance'!A:A,$B$2,'Finished Goods Stock Balance'!U:U) -> 0 | E15: =SUMIF('Finished Goods Stock Balance'!A:A,$B$2,'Finished Goods Stock Balance'!AE:AE) -> 0 | F15: =C15+D15-E15+G15 -> 0
B16: K&K-Tam-175C-70B | D16: =SUMIF('Finished Goods Stock Balance'!A:A,$B$2,'Finished Goods Stock Balance'!V:V) -> 0 | E16: =SUMIF('Finished Goods Stock Balance'!A:A,$B$2,'Finished Goods Stock Balance'!AF:AF) -> 0 | F16: =C16+D16-E16+G16 -> 0

Sheet April_2025_Bal
B2: ='Finished Goods Stock Balance'!A84 -> December-99 | C2: Opening Stock | D2: Units Produced | E2: Units Sold | F2: Closing Inventory
B3: Total | C3: =SUM(C7:C16) -> 0 | D3: =SUM(D7:D16) -> 0 | E3: =SUM(E7:E16) -> 0 | F3: =SUM(F7:F16) -> 0
B6: SKU | C6: Opening Stock | D6: Units Produced | E6: Units Sold | F6: Closing Inventory
B7: K&K-Lip-140C-70B | C7: {=TRANSPOSE('Finished Goods Stock Balance'!C55:L55)} | D7: =SUMIF('Finished Goods Stock Balance'!A:A,$B$2,'Finished Goods Stock Balance'!M:M) -> 0 | E7: =SUMIF('Finished Goods Stock Balance'!A:A,$B$2,'Finished Goods Stock Balance'!W:W) -> 0 | F7: =C7+D7-E7 -> 0
B8: K&K-Lyc-140C-70B | D8: =SUMIF('Finished Goods Stock Balance'!A:A,$B$2,'Finished Goods Stock Balance'!N:N) -> 0 | E8: =SUMIF('Finished Goods Stock Balance'!A:A,$B$2,'Finished Goods Stock Balance'!X:X) -> 0 | F8: =C8+D8-E8 -> 0
B9: K&K-Str-140C-70B | D9: =SUMIF('Finished Goods Stock Balance'!A:A,$B$2,'Finished Goods Stock Balance'!O:O) -> 0 | E9: =SUMIF('Finished Goods Stock Balance'!A:A,$B$2,'Finished Goods Stock Balance'!Y:Y) -> 0 | F9: =C9+D9-E9 -> 0
B10: K&K-Gra-140C-70B | D10: =SUMIF('Finished Goods Stock Balance'!A:A,$B$2,'Finished Goods Stock Balance'!P:P) -> 0 | E10: =SUMIF('Finished Goods Stock Balance'!A:A,$B$2,'Finished Goods Stock Balance'!Z:Z) -> 0 | F10: =C10+D10-E10 -> 0
B11: K&K-Tam-140C-70B | D11: =SUMIF('Finished Goods Stock Balance'!A:A,$B$2,'Finished Goods Stock Balance'!Q:Q) -> 0 | E11: =SUMIF('Finished Goods Stock Balance'!A:A,$B$2,'Finished Goods Stock Balance'!AA:AA) -> 0 | F11: =C11+D11-E11 -> 0
B12: K&K-Lip-175C-70B | D12: =SUMIF('Finished Goods Stock Balance'!A:A,$B$2,'Finished Goods Stock Balance'!R:R) -> 0 | E12: =SUMIF('Finished Goods Stock Balance'!A:A,$B$2,'Finished Goods Stock Balance'!AB:AB) -> 0 | F12: =C12+D12-E12 -> 0
B13: K&K-Lyc-175C-70B | D13: =SUMIF('Finished Goods Stock Balance'!A:A,$B$2,'Finished Goods Stock Balance'!S:S) -> 0 | E13: =SUMIF('Finished Goods Stock Balance'!A:A,$B$2,'Finished Goods Stock Balance'!AC:AC) -> 0 | F13: =C13+D13-E13 -> 0
B14: K&K-Str-175C-70B | D14: =SUMIF('Finished Goods Stock Balance'!A:A,$B$2,'Finished Goods Stock Balance'!T:T) -> 0 | E14: =SUMIF('Finished Goods Stock Balance'!A:A,$B$2,'Finished Goods Stock Balance'!AD:AD) -> 0 | F14: =C14+D14-E14 -> 0
B15: K&K-Gra-175C-70B | D15: =SUMIF('Finished Goods Stock Balance'!A:A,$B$2,'Finished Goods Stock Balance'!U:U) -> 0 | E15: =SUMIF('Finished Goods Stock Balance'!A:A,$B$2,'Finished Goods Stock Balance'!AE:AE) -> 0 | F15: =C15+D15-E15 -> 0
B16: K&K-Tam-175C-70B | D16: =SUMIF('Finished Goods Stock Balance'!A:A,$B$2,'Finished Goods Stock Balance'!V:V) -> 0 | E16: =SUMIF('Finished Goods Stock Balance'!A:A,$B$2,'Finished Goods Stock Balance'!AF:AF) -> 0 | F16: =C16+D16-E16 -> 0

Sheet May_2025_Bal
B2: ='Finished Goods Stock Balance'!A85 -> December-99 | C2: Opening Stock | D2: Units Produced | E2: Units Sold | F2: Closing Inventory
B3: Total | C3: =SUM(C7:C16) -> 0 | D3: =SUM(D7:D16) -> 0 | E3: =SUM(E7:E16) -> 0 | F3: =SUM(F7:F16) -> 0
B6: SKU | C6: Opening Stock | D6: Units Produced | E6: Units Sold | F6: Closing Inventory
B7: K&K-Lip-140C-70B | C7: {=TRANSPOSE('Finished Goods Stock Balance'!C85:L85)} | D7: =SUMIF('Finished Goods Stock Balance'!A:A,$B$2,'Finished Goods Stock Balance'!M:M) -> 0 | E7: =SUMIF('Finished Goods Stock Balance'!A:A,$B$2,'Finished Goods Stock Balance'!W:W) -> 0 | F7: =C7+D7-E7 -> 0
B8: K&K-Lyc-140C-70B | D8: =SUMIF('Finished Goods Stock Balance'!A:A,$B$2,'Finished Goods Stock Balance'!N:N) -> 0 | E8: =SUMIF('Finished Goods Stock Balance'!A:A,$B$2,'Finished Goods Stock Balance'!X:X) -> 0 | F8: =C8+D8-E8 -> 0
B9: K&K-Str-140C-70B | D9: =SUMIF('Finished Goods Stock Balance'!A:A,$B$2,'Finished Goods Stock Balance'!O:O) -> 0 | E9: =SUMIF('Finished Goods Stock Balance'!A:A,$B$2,'Finished Goods Stock Balance'!Y:Y) -> 0 | F9: =C9+D9-E9 -> 0
B10: K&K-Gra-140C-70B | D10: =SUMIF('Finished Goods Stock Balance'!A:A,$B$2,'Finished Goods Stock Balance'!P:P) -> 0 | E10: =SUMIF('Finished Goods Stock Balance'!A:A,$B$2,'Finished Goods Stock Balance'!Z:Z) -> 0 | F10: =C10+D10-E10 -> 0
B11: K&K-Tam-140C-70B | D11: =SUMIF('Finished Goods Stock Balance'!A:A,$B$2,'Finished Goods Stock Balance'!Q:Q) -> 0 | E11: =SUMIF('Finished Goods Stock Balance'!A:A,$B$2,'Finished Goods Stock Balance'!AA:AA) -> 0 | F11: =C11+D11-E11 -> 0
B12: K&K-Lip-175C-70B | D12: =SUMIF('Finished Goods Stock Balance'!A:A,$B$2,'Finished Goods Stock Balance'!R:R) -> 0 | E12: =SUMIF('Finished Goods Stock Balance'!A:A,$B$2,'Finished Goods Stock Balance'!AB:AB) -> 0 | F12: =C12+D12-E12 -> 0
B13: K&K-Lyc-175C-70B | D13: =SUMIF('Finished Goods Stock Balance'!A:A,$B$2,'Finished Goods Stock Balance'!S:S) -> 0 | E13: =SUMIF('Finished Goods Stock Balance'!A:A,$B$2,'Finished Goods Stock Balance'!AC:AC) -> 0 | F13: =C13+D13-E13 -> 0
B14: K&K-Str-175C-70B | D14: =SUMIF('Finished Goods Stock Balance'!A:A,$B$2,'Finished Goods Stock Balance'!T:T) -> 0 | E14: =SUMIF('Finished Goods Stock Balance'!A:A,$B$2,'Finished Goods Stock Balance'!AD:AD) -> 0 | F14: =C14+D14-E14 -> 0
B15: K&K-Gra-175C-70B | D15: =SUMIF('Finished Goods Stock Balance'!A:A,$B$2,'Finished Goods Stock Balance'!U:U) -> 0 | E15: =SUMIF('Finished Goods Stock Balance'!A:A,$B$2,'Finished Goods Stock Balance'!AE:AE) -> 0 | F15: =C15+D15-E15 -> 0
B16: K&K-Tam-175C-70B | D16: =SUMIF('Finished Goods Stock Balance'!A:A,$B$2,'Finished Goods Stock Balance'!V:V) -> 0 | E16: =SUMIF('Finished Goods Stock Balance'!A:A,$B$2,'Finished Goods Stock Balance'!AF:AF) -> 0 | F16: =C16+D16-E16 -> 0

Sheet June_2025_Bal
B2: ='Finished Goods Stock Balance'!A116 -> December-99 | C2: Opening Stock | D2: Units Produced | E2: Units Sold | F2: Closing Inventory
B3: Total | C3: =SUM(C7:C16) -> 0 | D3: =SUM(D7:D16) -> 0 | E3: =SUM(E7:E16) -> 0 | F3: =SUM(F7:F16) -> 0
B6: SKU | C6: Opening Stock | D6: Units Produced | E6: Units Sold | F6: Closing Inventory
B7: K&K-Lip-140C-70B | C7: {=TRANSPOSE('Finished Goods Stock Balance'!C116:L116)} | D7: =SUMIF('Finished Goods Stock Balance'!A:A,$B$2,'Finished Goods Stock Balance'!M:M) -> 0 | E7: =SUMIF('Finished Goods Stock Balance'!A:A,$B$2,'Finished Goods Stock Balance'!W:W) -> 0 | F7: =C7+D7-E7 -> 0
B8: K&K-Lyc-140C-70B | D8: =SUMIF('Finished Goods Stock Balance'!A:A,$B$2,'Finished Goods Stock Balance'!N:N) -> 0 | E8: =SUMIF('Finished Goods Stock Balance'!A:A,$B$2,'Finished Goods Stock Balance'!X:X) -> 0 | F8: =C8+D8-E8 -> 0
B9: K&K-Str-140C-70B | D9: =SUMIF('Finished Goods Stock Balance'!A:A,$B$2,'Finished Goods Stock Balance'!O:O) -> 0 | E9: =SUMIF('Finished Goods Stock Balance'!A:A,$B$2,'Finished Goods Stock Balance'!Y:Y) -> 0 | F9: =C9+D9-E9 -> 0
B10: K&K-Gra-140C-70B | D10: =SUMIF('Finished Goods Stock Balance'!A:A,$B$2,'Finished Goods Stock Balance'!P:P) -> 0 | E10: =SUMIF('Finished Goods Stock Balance'!A:A,$B$2,'Finished Goods Stock Balance'!Z:Z) -> 0 | F10: =C10+D10-E10 -> 0
B11: K&K-Tam-140C-70B | D11: =SUMIF('Finished Goods Stock Balance'!A:A,$B$2,'Finished Goods Stock Balance'!Q:Q) -> 0 | E11: =SUMIF('Finished Goods Stock Balance'!A:A,$B$2,'Finished Goods Stock Balance'!AA:AA) -> 0 | F11: =C11+D11-E11 -> 0
B12: K&K-Lip-175C-70B | D12: =SUMIF('Finished Goods Stock Balance'!A:A,$B$2,'Finished Goods Stock Balance'!R:R) -> 0 | E12: =SUMIF('Finished Goods Stock Balance'!A:A,$B$2,'Finished Goods Stock Balance'!AB:AB) -> 0 | F12: =C12+D12-E12 -> 0
B13: K&K-Lyc-175C-70B | D13: =SUMIF('Finished Goods Stock Balance'!A:A,$B$2,'Finished Goods Stock Balance'!S:S) -> 0 | E13: =SUMIF('Finished Goods Stock Balance'!A:A,$B$2,'Finished Goods Stock Balance'!AC:AC) -> 0 | F13: =C13+D13-E13 -> 0
B14: K&K-Str-175C-70B | D14: =SUMIF('Finished Goods Stock Balance'!A:A,$B$2,'Finished Goods Stock Balance'!T:T) -> 0 | E14: =SUMIF('Finished Goods Stock Balance'!A:A,$B$2,'Finished Goods Stock Balance'!AD:AD) -> 0 | F14: =C14+D14-E14 -> 0
B15: K&K-Gra-175C-70B | D15: =SUMIF('Finished Goods Stock Balance'!A:A,$B$2,'Finished Goods Stock Balance'!U:U) -> 0 | E15: =SUMIF('Finished Goods Stock Balance'!A:A,$B$2,'Finished Goods Stock Balance'!AE:AE) -> 0 | F15: =C15+D15-E15 -> 0
B16: K&K-Tam-175C-70B | D16: =SUMIF('Finished Goods Stock Balance'!A:A,$B$2,'Finished Goods Stock Balance'!V:V) -> 0 | E16: =SUMIF('Finished Goods Stock Balance'!A:A,$B$2,'Finished Goods Stock Balance'!AF:AF) -> 0 | F16: =C16+D16-E16 -> 0

Sheet July_2025_Bal
B2: ='Finished Goods Stock Balance'!A176 -> December-99 | C2: Opening Stock | D2: Units Produced | E2: Units Sold | F2: Closing Inventory
B3: Total | C3: =SUM(C7:C16) -> 0 | D3: =SUM(D7:D16) -> 0 | E3: =SUM(E7:E16) -> 0 | F3: =SUM(F7:F16) -> 0
B6: SKU | C6: Opening Stock | D6: Units Produced | E6: Units Sold | F6: Closing Inventory
B7: K&K-Lip-140C-70B | C7: {=TRANSPOSE('Finished Goods Stock Balance'!C146:L146)} | D7: =SUMIF('Finished Goods Stock Balance'!A:A,$B$2,'Finished Goods Stock Balance'!M:M) -> 0 | E7: =SUMIF('Finished Goods Stock Balance'!A:A,$B$2,'Finished Goods Stock Balance'!W:W) -> 0 | F7: =C7+D7-E7 -> 0
B8: K&K-Lyc-140C-70B | D8: =SUMIF('Finished Goods Stock Balance'!A:A,$B$2,'Finished Goods Stock Balance'!N:N) -> 0 | E8: =SUMIF('Finished Goods Stock Balance'!A:A,$B$2,'Finished Goods Stock Balance'!X:X) -> 0 | F8: =C8+D8-E8 -> 0
B9: K&K-Str-140C-70B | D9: =SUMIF('Finished Goods Stock Balance'!A:A,$B$2,'Finished Goods Stock Balance'!O:O) -> 0 | E9: =SUMIF('Finished Goods Stock Balance'!A:A,$B$2,'Finished Goods Stock Balance'!Y:Y) -> 0 | F9: =C9+D9-E9 -> 0
B10: K&K-Gra-140C-70B | D10: =SUMIF('Finished Goods Stock Balance'!A:A,$B$2,'Finished Goods Stock Balance'!P:P) -> 0 | E10: =SUMIF('Finished Goods Stock Balance'!A:A,$B$2,'Finished Goods Stock Balance'!Z:Z) -> 0 | F10: =C10+D10-E10 -> 0
B11: K&K-Tam-140C-70B | D11: =SUMIF('Finished Goods Stock Balance'!A:A,$B$2,'Finished Goods Stock Balance'!Q:Q) -> 0 | E11: =SUMIF('Finished Goods Stock Balance'!A:A,$B$2,'Finished Goods Stock Balance'!AA:AA) -> 0 | F11: =C11+D11-E11 -> 0
B12: K&K-Lip-175C-70B | D12: =SUMIF('Finished Goods Stock Balance'!A:A,$B$2,'Finished Goods Stock Balance'!R:R) -> 0 | E12: =SUMIF('Finished Goods Stock Balance'!A:A,$B$2,'Finished Goods Stock Balance'!AB:AB) -> 0 | F12: =C12+D12-E12 -> 0
B13: K&K-Lyc-175C-70B | D13: =SUMIF('Finished Goods Stock Balance'!A:A,$B$2,'Finished Goods Stock Balance'!S:S) -> 0 | E13: =SUMIF('Finished Goods Stock Balance'!A:A,$B$2,'Finished Goods Stock Balance'!AC:AC) -> 0 | F13: =C13+D13-E13 -> 0
B14: K&K-Str-175C-70B | D14: =SUMIF('Finished Goods Stock Balance'!A:A,$B$2,'Finished Goods Stock Balance'!T:T) -> 0 | E14: =SUMIF('Finished Goods Stock Balance'!A:A,$B$2,'Finished Goods Stock Balance'!AD:AD) -> 0 | F14: =C14+D14-E14 -> 0
B15: K&K-Gra-175C-70B | D15: =SUMIF('Finished Goods Stock Balance'!A:A,$B$2,'Finished Goods Stock Balance'!U:U) -> 0 | E15: =SUMIF('Finished Goods Stock Balance'!A:A,$B$2,'Finished Goods Stock Balance'!AE:AE) -> 0 | F15: =C15+D15-E15 -> 0
B16: K&K-Tam-175C-70B | D16: =SUMIF('Finished Goods Stock Balance'!A:A,$B$2,'Finished Goods Stock Balance'!V:V) -> 0 | E16: =SUMIF('Finished Goods Stock Balance'!A:A,$B$2,'Finished Goods Stock Balance'!AF:AF) -> 0 | F16: =C16+D16-E16 -> 0

Sheet Aug_2025_Bal
B2: ='Finished Goods Stock Balance'!A206 -> December-99 | C2: Opening Stock | D2: Units Produced | E2: Units Sold | F2: Closing Inventory
B3: Total | C3: =SUM(C7:C16) -> 0 | D3: =SUM(D7:D16) -> 0 | E3: =SUM(E7:E16) -> 0 | F3: =SUM(F7:F16) -> 0
B6: SKU | C6: Opening Stock | D6: Units Produced | E6: Units Sold | F6: Closing Inventory
B7: K&K-Lip-140C-70B | C7: {=TRANSPOSE('Finished Goods Stock Balance'!C177:L177)} | D7: =SUMIF('Finished Goods Stock Balance'!A:A,$B$2,'Finished Goods Stock Balance'!M:M) -> 0 | E7: =SUMIF('Finished Goods Stock Balance'!A:A,$B$2,'Finished Goods Stock Balance'!W:W) -> 0 | F7: =C7+D7-E7 -> 0
B8: K&K-Lyc-140C-70B | D8: =SUMIF('Finished Goods Stock Balance'!A:A,$B$2,'Finished Goods Stock Balance'!N:N) -> 0 | E8: =SUMIF('Finished Goods Stock Balance'!A:A,$B$2,'Finished Goods Stock Balance'!X:X) -> 0 | F8: =C8+D8-E8 -> 0
B9: K&K-Str-140C-70B | D9: =SUMIF('Finished Goods Stock Balance'!A:A,$B$2,'Finished Goods Stock Balance'!O:O) -> 0 | E9: =SUMIF('Finished Goods Stock Balance'!A:A,$B$2,'Finished Goods Stock Balance'!Y:Y) -> 0 | F9: =C9+D9-E9 -> 0
B10: K&K-Gra-140C-70B | D10: =SUMIF('Finished Goods Stock Balance'!A:A,$B$2,'Finished Goods Stock Balance'!P:P) -> 0 | E10: =SUMIF('Finished Goods Stock Balance'!A:A,$B$2,'Finished Goods Stock Balance'!Z:Z) -> 0 | F10: =C10+D10-E10 -> 0
B11: K&K-Tam-140C-70B | D11: =SUMIF('Finished Goods Stock Balance'!A:A,$B$2,'Finished Goods Stock Balance'!Q:Q) -> 0 | E11: =SUMIF('Finished Goods Stock Balance'!A:A,$B$2,'Finished Goods Stock Balance'!AA:AA) -> 0 | F11: =C11+D11-E11 -> 0
B12: K&K-Lip-175C-70B | D12: =SUMIF('Finished Goods Stock Balance'!A:A,$B$2,'Finished Goods Stock Balance'!R:R) -> 0 | E12: =SUMIF('Finished Goods Stock Balance'!A:A,$B$2,'Finished Goods Stock Balance'!AB:AB) -> 0 | F12: =C12+D12-E12 -> 0
B13: K&K-Lyc-175C-70B | D13: =SUMIF('Finished Goods Stock Balance'!A:A,$B$2,'Finished Goods Stock Balance'!S:S) -> 0 | E13: =SUMIF('Finished Goods Stock Balance'!A:A,$B$2,'Finished Goods Stock Balance'!AC:AC) -> 0 | F13: =C13+D13-E13 -> 0
B14: K&K-Str-175C-70B | D14: =SUMIF('Finished Goods Stock Balance'!A:A,$B$2,'Finished Goods Stock Balance'!T:T) -> 0 | E14: =SUMIF('Finished Goods Stock Balance'!A:A,$B$2,'Finished Goods Stock Balance'!AD:AD) -> 0 | F14: =C14+D14-E14 -> 0
B15: K&K-Gra-175C-70B | D15: =SUMIF('Finished Goods Stock Balance'!A:A,$B$2,'Finished Goods Stock Balance'!U:U) -> 0 | E15: =SUMIF('Finished Goods Stock Balance'!A:A,$B$2,'Finished Goods Stock Balance'!AE:AE) -> 0 | F15: =C15+D15-E15 -> 0
B16: K&K-Tam-175C-70B | D16: =SUMIF('Finished Goods Stock Balance'!A:A,$B$2,'Finished Goods Stock Balance'!V:V) -> 0 | E16: =SUMIF('Finished Goods Stock Balance'!A:A,$B$2,'Finished Goods Stock Balance'!AF:AF) -> 0 | F16: =C16+D16-E16 -> 0

Sheet Sep_2025_Bal
B2: ='Finished Goods Stock Balance'!A237 -> December-99 | C2: Opening Stock | D2: Units Produced | E2: Units Sold | F2: Closing Inventory
B3: Total | C3: =SUM(C7:C16) -> 0 | D3: =SUM(D7:D16) -> 0 | E3: =SUM(E7:E16) -> 0 | F3: =SUM(F7:F16) -> 0
B6: SKU | C6: Opening Stock | D6: Units Produced | E6: Units Sold | F6: Closing Inventory
B7: K&K-Lip-140C-70B | C7: {=TRANSPOSE('Finished Goods Stock Balance'!C208:L208)} | D7: =SUMIF('Finished Goods Stock Balance'!A:A,$B$2,'Finished Goods Stock Balance'!M:M) -> 0 | E7: =SUMIF('Finished Goods Stock Balance'!A:A,$B$2,'Finished Goods Stock Balance'!W:W) -> 0 | F7: =C7+D7-E7 -> 0
B8: K&K-Lyc-140C-70B | D8: =SUMIF('Finished Goods Stock Balance'!A:A,$B$2,'Finished Goods Stock Balance'!N:N) -> 0 | E8: =SUMIF('Finished Goods Stock Balance'!A:A,$B$2,'Finished Goods Stock Balance'!X:X) -> 0 | F8: =C8+D8-E8 -> 0
B9: K&K-Str-140C-70B | D9: =SUMIF('Finished Goods Stock Balance'!A:A,$B$2,'Finished Goods Stock Balance'!O:O) -> 0 | E9: =SUMIF('Finished Goods Stock Balance'!A:A,$B$2,'Finished Goods Stock Balance'!Y:Y) -> 0 | F9: =C9+D9-E9 -> 0
B10: K&K-Gra-140C-70B | D10: =SUMIF('Finished Goods Stock Balance'!A:A,$B$2,'Finished Goods Stock Balance'!P:P) -> 0 | E10: =SUMIF('Finished Goods Stock Balance'!A:A,$B$2,'Finished Goods Stock Balance'!Z:Z) -> 0 | F10: =C10+D10-E10 -> 0
B11: K&K-Tam-140C-70B | D11: =SUMIF('Finished Goods Stock Balance'!A:A,$B$2,'Finished Goods Stock Balance'!Q:Q) -> 0 | E11: =SUMIF('Finished Goods Stock Balance'!A:A,$B$2,'Finished Goods Stock Balance'!AA:AA) -> 0 | F11: =C11+D11-E11 -> 0
B12: K&K-Lip-175C-70B | D12: =SUMIF('Finished Goods Stock Balance'!A:A,$B$2,'Finished Goods Stock Balance'!R:R) -> 0 | E12: =SUMIF('Finished Goods Stock Balance'!A:A,$B$2,'Finished Goods Stock Balance'!AB:AB) -> 0 | F12: =C12+D12-E12 -> 0
B13: K&K-Lyc-175C-70B | D13: =SUMIF('Finished Goods Stock Balance'!A:A,$B$2,'Finished Goods Stock Balance'!S:S) -> 0 | E13: =SUMIF('Finished Goods Stock Balance'!A:A,$B$2,'Finished Goods Stock Balance'!AC:AC) -> 0 | F13: =C13+D13-E13 -> 0
B14: K&K-Str-175C-70B | D14: =SUMIF('Finished Goods Stock Balance'!A:A,$B$2,'Finished Goods Stock Balance'!T:T) -> 0 | E14: =SUMIF('Finished Goods Stock Balance'!A:A,$B$2,'Finished Goods Stock Balance'!AD:AD) -> 0 | F14: =C14+D14-E14 -> 0
B15: K&K-Gra-175C-70B | D15: =SUMIF('Finished Goods Stock Balance'!A:A,$B$2,'Finished Goods Stock Balance'!U:U) -> 0 | E15: =SUMIF('Finished Goods Stock Balance'!A:A,$B$2,'Finished Goods Stock Balance'!AE:AE) -> 0 | F15: =C15+D15-E15 -> 0
B16: K&K-Tam-175C-70B | D16: =SUMIF('Finished Goods Stock Balance'!A:A,$B$2,'Finished Goods Stock Balance'!V:V) -> 0 | E16: =SUMIF('Finished Goods Stock Balance'!A:A,$B$2,'Finished Goods Stock Balance'!AF:AF) -> 0 | F16: =C16+D16-E16 -> 0

Sheet Oct_2025_Bal
B2: ='Finished Goods Stock Balance'!A265 -> December-99 | C2: Opening Stock | D2: Units Produced | E2: Units Sold | F2: Closing Inventory
B3: Total | C3: =SUM(C7:C16) -> 0 | D3: =SUM(D7:D16) -> 0 | E3: =SUM(E7:E16) -> 0 | F3: =SUM(F7:F16) -> 0
B6: SKU | C6: Opening Stock | D6: Units Produced | E6: Units Sold | F6: Closing Inventory
B7: K&K-Lip-140C-70B | C7: {=TRANSPOSE('Finished Goods Stock Balance'!C238:L238)} | D7: =SUMIF('Finished Goods Stock Balance'!A:A,$B$2,'Finished Goods Stock Balance'!M:M) -> 0 | E7: =SUMIF('Finished Goods Stock Balance'!A:A,$B$2,'Finished Goods Stock Balance'!W:W) -> 0 | F7: =C7+D7-E7 -> 0
B8: K&K-Lyc-140C-70B | D8: =SUMIF('Finished Goods Stock Balance'!A:A,$B$2,'Finished Goods Stock Balance'!N:N) -> 0 | E8: =SUMIF('Finished Goods Stock Balance'!A:A,$B$2,'Finished Goods Stock Balance'!X:X) -> 0 | F8: =C8+D8-E8 -> 0
B9: K&K-Str-140C-70B | D9: =SUMIF('Finished Goods Stock Balance'!A:A,$B$2,'Finished Goods Stock Balance'!O:O) -> 0 | E9: =SUMIF('Finished Goods Stock Balance'!A:A,$B$2,'Finished Goods Stock Balance'!Y:Y) -> 0 | F9: =C9+D9-E9 -> 0
B10: K&K-Gra-140C-70B | D10: =SUMIF('Finished Goods Stock Balance'!A:A,$B$2,'Finished Goods Stock Balance'!P:P) -> 0 | E10: =SUMIF('Finished Goods Stock Balance'!A:A,$B$2,'Finished Goods Stock Balance'!Z:Z) -> 0 | F10: =C10+D10-E10 -> 0
B11: K&K-Tam-140C-70B | D11: =SUMIF('Finished Goods Stock Balance'!A:A,$B$2,'Finished Goods Stock Balance'!Q:Q) -> 0 | E11: =SUMIF('Finished Goods Stock Balance'!A:A,$B$2,'Finished Goods Stock Balance'!AA:AA) -> 0 | F11: =C11+D11-E11 -> 0
B12: K&K-Lip-175C-70B | D12: =SUMIF('Finished Goods Stock Balance'!A:A,$B$2,'Finished Goods Stock Balance'!R:R) -> 0 | E12: =SUMIF('Finished Goods Stock Balance'!A:A,$B$2,'Finished Goods Stock Balance'!AB:AB) -> 0 | F12: =C12+D12-E12 -> 0
B13: K&K-Lyc-175C-70B | D13: =SUMIF('Finished Goods Stock Balance'!A:A,$B$2,'Finished Goods Stock Balance'!S:S) -> 0 | E13: =SUMIF('Finished Goods Stock Balance'!A:A,$B$2,'Finished Goods Stock Balance'!AC:AC) -> 0 | F13: =C13+D13-E13 -> 0
B14: K&K-Str-175C-70B | D14: =SUMIF('Finished Goods Stock Balance'!A:A,$B$2,'Finished Goods Stock Balance'!T:T) -> 0 | E14: =SUMIF('Finished Goods Stock Balance'!A:A,$B$2,'Finished Goods Stock Balance'!AD:AD) -> 0 | F14: =C14+D14-E14 -> 0
B15: K&K-Gra-175C-70B | D15: =SUMIF('Finished Goods Stock Balance'!A:A,$B$2,'Finished Goods Stock Balance'!U:U) -> 0 | E15: =SUMIF('Finished Goods Stock Balance'!A:A,$B$2,'Finished Goods Stock Balance'!AE:AE) -> 0 | F15: =C15+D15-E15 -> 0
B16: K&K-Tam-175C-70B | D16: =SUMIF('Finished Goods Stock Balance'!A:A,$B$2,'Finished Goods Stock Balance'!V:V) -> 0 | E16: =SUMIF('Finished Goods Stock Balance'!A:A,$B$2,'Finished Goods Stock Balance'!AF:AF) -> 0 | F16: =C16+D16-E16 -> 0

Sheet Nov_2025_Bal
B2: ='Finished Goods Stock Balance'!A269 -> December-99 | C2: Opening Stock | D2: Units Produced | E2: Units Sold | F2: Closing Inventory
B3: Total | C3: =SUM(C7:C16) -> 0 | D3: =SUM(D7:D16) -> 0 | E3: =SUM(E7:E16) -> 0 | F3: =SUM(F7:F16) -> 0
B6: SKU | C6: Opening Stock | D6: Units Produced | E6: Units Sold | F6: Closing Inventory
B7: K&K-Lip-140C-70B | C7: {=TRANSPOSE('Finished Goods Stock Balance'!C238:L238)} | D7: =SUMIF('Finished Goods Stock Balance'!A:A,$B$2,'Finished Goods Stock Balance'!M:M) -> 0 | E7: =SUMIF('Finished Goods Stock Balance'!A:A,$B$2,'Finished Goods Stock Balance'!W:W) -> 0 | F7: =C7+D7-E7 -> 0
B8: K&K-Lyc-140C-70B | D8: =SUMIF('Finished Goods Stock Balance'!A:A,$B$2,'Finished Goods Stock Balance'!N:N) -> 0 | E8: =SUMIF('Finished Goods Stock Balance'!A:A,$B$2,'Finished Goods Stock Balance'!X:X) -> 0 | F8: =C8+D8-E8 -> 0
B9: K&K-Str-140C-70B | D9: =SUMIF('Finished Goods Stock Balance'!A:A,$B$2,'Finished Goods Stock Balance'!O:O) -> 0 | E9: =SUMIF('Finished Goods Stock Balance'!A:A,$B$2,'Finished Goods Stock Balance'!Y:Y) -> 0 | F9: =C9+D9-E9 -> 0
B10: K&K-Gra-140C-70B | D10: =SUMIF('Finished Goods Stock Balance'!A:A,$B$2,'Finished Goods Stock Balance'!P:P) -> 0 | E10: =SUMIF('Finished Goods Stock Balance'!A:A,$B$2,'Finished Goods Stock Balance'!Z:Z) -> 0 | F10: =C10+D10-E10 -> 0
B11: K&K-Tam-140C-70B | D11: =SUMIF('Finished Goods Stock Balance'!A:A,$B$2,'Finished Goods Stock Balance'!Q:Q) -> 0 | E11: =SUMIF('Finished Goods Stock Balance'!A:A,$B$2,'Finished Goods Stock Balance'!AA:AA) -> 0 | F11: =C11+D11-E11 -> 0
B12: K&K-Lip-175C-70B | D12: =SUMIF('Finished Goods Stock Balance'!A:A,$B$2,'Finished Goods Stock Balance'!R:R) -> 0 | E12: =SUMIF('Finished Goods Stock Balance'!A:A,$B$2,'Finished Goods Stock Balance'!AB:AB) -> 0 | F12: =C12+D12-E12 -> 0
B13: K&K-Lyc-175C-70B | D13: =SUMIF('Finished Goods Stock Balance'!A:A,$B$2,'Finished Goods Stock Balance'!S:S) -> 0 | E13: =SUMIF('Finished Goods Stock Balance'!A:A,$B$2,'Finished Goods Stock Balance'!AC:AC) -> 0 | F13: =C13+D13-E13 -> 0
B14: K&K-Str-175C-70B | D14: =SUMIF('Finished Goods Stock Balance'!A:A,$B$2,'Finished Goods Stock Balance'!T:T) -> 0 | E14: =SUMIF('Finished Goods Stock Balance'!A:A,$B$2,'Finished Goods Stock Balance'!AD:AD) -> 0 | F14: =C14+D14-E14 -> 0
B15: K&K-Gra-175C-70B | D15: =SUMIF('Finished Goods Stock Balance'!A:A,$B$2,'Finished Goods Stock Balance'!U:U) -> 0 | E15: =SUMIF('Finished Goods Stock Balance'!A:A,$B$2,'Finished Goods Stock Balance'!AE:AE) -> 0 | F15: =C15+D15-E15 -> 0
B16: K&K-Tam-175C-70B | D16: =SUMIF('Finished Goods Stock Balance'!A:A,$B$2,'Finished Goods Stock Balance'!V:V) -> 0 | E16: =SUMIF('Finished Goods Stock Balance'!A:A,$B$2,'Finished Goods Stock Balance'!AF:AF) -> 0 | F16: =C16+D16-E16 -> 0

Sheet Finished Goods Stock Balance
B1: K&K Finished Goods Stock Balance | D1: As of Date | E1: =MAX(B4:B972) -> 0 | W1: =SUM(W4:W972) -> 0 | X1: =SUM(X4:X972) -> 0 | Y1: =SUM(Y4:Y972) -> 0 | Z1: =SUM(Z4:Z972) -> 0 | AA1: =SUM(AA4:AA972) -> 0 | AB1: =SUM(AB4:AB972) -> 0 | AC1: =SUM(AC4:AC972) -> 0 | AD1: =SUM(AD4:AD972) -> 0 | ... AF1: =SUM(AF4:AF972) -> 0
AT2: Extraordinary Losses due to earthquake hit
A3: MOnth | B3: =IFERROR(__xludf.DUMMYFUNCTION("QUERY(IMPORTRANGE(""https://docs.google.com/spreadsheets/d/1sOBA95jI3gUTkNtq3pD8Ob7Zb_EY63WYXvHKt7aiQk8/edit"", ""Finished Goods Stock Balance!B4:BC""), ""SELECT *"")"),"#REF!") -> #REF!
A4: =TEXT(B4,"MMMM-YY") -> December-99
A5: =TEXT(B5,"MMMM-YY") -> December-99
A6: =TEXT(B6,"MMMM-YY") -> December-99
A7: =TEXT(B7,"MMMM-YY") -> December-99
A8: =TEXT(B8,"MMMM-YY") -> December-99
A9: =TEXT(B9,"MMMM-YY") -> December-99
A10: =TEXT(B10,"MMMM-YY") -> December-99
A11: =TEXT(B11,"MMMM-YY") -> December-99
A12: =TEXT(B12,"MMMM-YY") -> December-99
A13: =TEXT(B13,"MMMM-YY") -> December-99
A14: =TEXT(B14,"MMMM-YY") -> December-99
A15: =TEXT(B15,"MMMM-YY") -> December-99
... A296: =TEXT(B296,"MMMM-YY") -> December-99

Sheet Test
A1: 45979.51
D7: xdcvcxd
D15: hjlhlhj
