Workbook

Sheet Dashboard
D1: 0
A2: Live Month | B2: 46320 | F2: Total Stock Value Before Production | J2: Total Closing Stock | K2: Total Cost of Production
F3: =SUM(Dashboard!$F$7:$F$19) -> 35542395 | J3: =SUM(Dashboard!$J$7:$J$19) -> 13644588 | K3: =SUM(Dashboard!$K$7:$K$19) -> 21897807
A6: Inventory Code | B6: Raw Material Name | C6: Unit Measure | D6: Latest Stock Date | E6: Total Stock Before Production | F6: Total Stock Value Before Production (MMK) | G6: Ground Stock | H6: Weighted Average Cost Per Unit (MMK) | I6: Stock Used in Production | J6: Closing Stock Value (MMK) | K6: Cost of Production | L6: Status
A7: 12100 | B7: ပိုက်အိပ် | C7: Kg | D7: 17/10/2025 | E7: 91 | F7: 1307800 | G7: 47 | H7: 14371.43 | I7: 44.4 | J7: 669708.57 | K7: 638091.43 | L7: In stock
A8: 12101 | B8: ဂျပ်ဖာ သေး | C8: Box | D8: 13/10/2025 | E8: 2940 | F8: 2831494 | G8: 880 | H8: 963.09 | I8: 2060 | J8: 847522.01 | K8: 1983972 | L8: In stock
A9: 12102 | B9: ဂျပ်ဖာ ကြီး | C9: Box | D9: 17/10/2025 | E9: 3440 | F9: 3660588.4 | G9: 1640 | H9: 1064.12 | I9: 1800 | J9: 1745164.2 | K9: 1915424.2 | L9: In stock
A10: 12103 | B10: ပလပ်စတစ်ခွက်(140 ml) | C10: Cup | D10: 45667 | E10: 125000 | F10: 4816451.2 | G10: 1500 | H10: 38.53 | I10: 123500 | J10: 57797.41 | K10: 4758653.7 | L10: In stock
A11: 12104 | B11: ပလပ်စတစ်ခွက်(175ml) | C11: Cup | D11: 45667 | E11: 122000 | F11: 5029278 | G11: 13600 | H11: 41.22 | I11: 108400 | J11: 560640.82 | K11: 4468637.2 | L11: In stock
A12: 12105 | B12: တိတ် | C12: Roll | D12: 25/10/2025 | E12: 21 | F12: 287130.02 | G12: 7 | H12: 13672.86 | I12: 14 | J12: 95710.01 | K12: 191420.01 | L12: Sold out
A13: 12106 | B13: အဖုံ ပိတ်လိပ် | C13: Roll | D13: 31/10/2025 | E13: 51 | F13: 8804826.6 | G13: 28 | H13: 172643.66 | I13: 23 | J13: 4834022.5 | K13: 3970804.1 | L13: In stock
A14: 12107 | B14: ရေလုံအိပ် | C14: Unit
A15: 12108 | B15: 1L 24g Tube | C15: Unit
A16: =A15+1 -> 12109 | B16: 0.6L Tube | C16: Unit
A17: =A16+1 -> 12110 | B17: 0.3L Tube | C17: Unit
A18: =A17+1 -> 12111 | B18: ခါးပတ်တံဆိပ် | C18: Kg
A19: =A18+1 -> 12112 | B19: Plastic Roll | C19: Roll | D19: 31/10/2025 | E19: 51 | F19: 8804826.6 | G19: 28 | H19: 172643.66 | I19: 23 | J19: 4834022.5 | K19: 3970804.1 | L19: In stock

Sheet COP & Purchases Tracker
B1: Hardcode | D1: 70 | E1: 6000 | F1: 2000 | G1: 325000 | H1: 91700 | I1: 15 | J1: 65 | L1: 998015.78 | M1: 6152417.2 | N1: 2335075.8 | O1: 10756675 | P1: 3548659 | Q1: 199200 | R1: 11547386 | T1: 33 | U1: 3960 | V1: 0 | W1: 320000 | X1: 100 | Y1: 8 | Z1: 30 | AB1: 14257.368 | AC1: 1025.4029 | AD1: 1165.2371 | AE1: 33.097462 | AF1: 38.669373 | AG1: 13280 | AH1: 180451.3 | AJ1: 470493.16 | AK1: 4060595.3 | AL1: 0 | AM1: 10591188 | AN1: 3866.9373 | AO1: 106240 | AP1: 5413538.9
D4: Purchase Quantity | L4: Total Cost (Purchase + Carriage Inward) | T4: Stock Units Used in Production | AB4: Weighted Average Unit Cost | AJ4: Cost of Production
B5: Period-Ended | D5: 12100 | E5: 12101 | F5: 12102 | G5: 12103 | H5: 12104 | I5: 12105 | J5: 12106 | L5: 12100 | M5: 12101 | N5: 12102 | O5: 12103 | P5: 12104 | Q5: 12105 | R5: 12106 | T5: 12100 | U5: 12101 | V5: 12102 | W5: 12103 | X5: 12104 | Y5: 12105 | Z5: 12106 | AB5: 12100 | AC5: 12101 | AD5: 12102 | AE5: 12103 | AF5: 12104 | AG5: 12105 | AH5: 12106 | AJ5: 12100 | AK5: 12101 | AL5: 12102 | AM5: 12103 | AN5: 12104 | AO5: 12105 | AP5: 12106 | AR5: Total
B6: 28/2/2025 | D6: 70 | E6: 6000 | F6: 2000 | G6: 325000 | H6: 91700 | I6: 15 | J6: 65 | L6: 998016 | M6: 6152417 | N6: 2335076 | O6: 10756675 | P6: 3548659 | Q6: 199200 | R6: 11562986 | T6: 33 | U6: 3960 | V6: 0 | W6: 320000 | X6: 100 | Y6: 8 | Z6: 30 | AB6: 14257 | AC6: 1025 | AD6: 1165 | AE6: 33 | AF6: 39 | AG6: 13280 | AH6: 180600 | AJ6: 470493 | AK6: 4060595 | AL6: 0 | AM6: 10591188 | AN6: 3867 | AO6: 106240 | AP6: 5417996 | AR6: 20650379
B7: 31/3/2025 | D7: 100 | E7: 7290 | F7: 2872 | G7: 350000 | H7: 147000 | I7: 12 | J7: 8 | L7: 1361000 | M7: 7721065 | N7: 3330615 | O7: 11830587 | P7: 5699750 | Q7: 159600 | R7: 1521700 | T7: 130 | U7: 3650 | V7: 2345 | W7: 255000 | X7: 148800 | Y7: 19 | Z7: 36 | AB7: 13785 | AC7: 1052 | AD7: 1162 | AE7: 34 | AF7: 39 | AG7: 13293 | AH7: 180829 | AJ7: 1785136 | AK7: 3838911 | AL7: 2725254 | AM7: 8616898 | AN7: 5763419 | AO7: 252560 | AP7: 6567717 | AR7: 29549895
B8: 30/4/2025 | D8: 0 | E8: 1313 | F8: 5691 | G8: 0 | H8: 147000 | I8: 35 | J8: 0 | L8: 0 | M8: 1369030 | N8: 6522120 | O8: 0 | P8: 5846750 | Q8: 472400 | R8: 0 | T8: -14 | U8: 493 | V8: 3140 | W8: 36000 | X8: 163800 | Y8: 27 | Z8: 18 | AB8: 13785 | AC8: 1050 | AD8: 1151 | AE8: 34 | AF8: 39 | AG8: 13497 | AH8: 180829 | AJ8: -186095 | AK8: 517675 | AL8: 3615370 | AM8: 1216503 | AN8: 6448518 | AO8: 364423 | AP8: 3254926 | AR8: 15231320
B9: 31/5/2025 | D9: 70 | E9: 0 | F9: 4875 | G9: 100000 | H9: 357000 | I9: 38 | J9: 65 | L9: 1081200 | M9: 0 | N9: 5440670 | O9: 3636500 | P9: 13972000 | Q9: 382000 | R9: 13107000 | T9: 84 | U9: 1820 | V9: 6235 | W9: 104000 | X9: 407050 | Y9: 36 | Z9: 46 | AB9: 15062 | AC9: 1050 | AD9: 1135 | AE9: 35 | AF9: 39 | AG9: 10652 | AH9: 195224 | AJ9: 1265245 | AK9: 1911093 | AL9: 7074130 | AM9: 3677524 | AN9: 15947501 | AO9: 383460 | AP9: 8980300 | AR9: 39239253
B10: 30/6/2025 | D10: 70 | E10: 0 | F10: 0 | G10: 0 | H10: 168000 | I10: 12 | J10: 0 | L10: 1027934 | M10: 0 | N10: 0 | O10: 0 | P10: 6548866 | Q10: 117000 | R10: 0 | T10: 74 | U10: 1160 | V10: 3160 | W10: 60000 | X10: 194950 | Y10: 21 | Z10: 25 | AB10: 14719 | AC10: 1050 | AD10: 1135 | AE10: 35 | AF10: 39 | AG10: 10160 | AH10: 195224 | AJ10: 1089213 | AK10: 1218059 | AL10: 3585285 | AM10: 2121648 | AN10: 7604720 | AO10: 213357 | AP10: 4880598 | AR10: 20712880
B11: 31/7/2025 | D11: 35 | E11: 0 | F11: 3315 | G11: 100000 | H11: 126000 | I11: 10 | J11: 0 | L11: 499721 | M11: 0 | N11: 3600220 | O11: 3366802 | P11: 4949198 | Q11: 135000 | R11: 0 | T11: 10 | U11: 1200 | V11: 1975 | W11: 75000 | X11: 122150 | Y11: 8 | Z11: 17 | AB11: 14313 | AC11: 1050 | AD11: 1096 | AE11: 34 | AF11: 39 | AG11: 13196 | AH11: 195224 | AJ11: 143126 | AK11: 1260061 | AL11: 2164677 | AM11: 2525101 | AN11: 4797973 | AO11: 105571 | AP11: 3318806 | AR11: 14315315
B12: 31/8/2025 | D12: 0 | E12: 0 | F12: 0 | G12: 50000 | H12: 84000 | I12: 0 | J12: 66 | L12: 0 | M12: 0 | N12: 0 | O12: 1681564 | P12: 3295865 | Q12: 0 | R12: 11259000 | T12: 28 | U12: 1300 | V12: 1320 | W12: 75000 | X12: 72450 | Y12: 0 | Z12: 14 | AB12: 14313 | AC12: 1050 | AD12: 1096 | AE12: 34 | AF12: 39 | AG12: 13196 | AH12: 195224 | AJ12: 400753 | AK12: 1365066 | AL12: 1446771 | AM12: 2523264 | AN12: 2842820 | AO12: 0 | AP12: 2417011 | AR12: 10995685
B13: 30/9/2025 | D13: 35 | E13: 1500 | F13: 1500 | G13: 50000 | H13: 105000 | I13: 20 | J13: 0 | L13: 503000 | M13: 1410000 | N13: 1590000 | O13: 1682971 | P13: 4123279 | Q13: 265000 | R13: 0 | T13: 14 | U13: 1080 | V13: 940 | W13: 50000 | X13: 40400 | Y13: 13 | Z13: 7 | AB13: 14313 | AC13: 1050 | AD13: 1096 | AE13: 34 | AF13: 39 | AG13: 13196 | AH13: 195224 | AJ13: 201200 | AK13: 1063308 | AL13: 1008926 | AM13: 1682971 | AN13: 1586321 | AO13: 172159 | AP13: 1208506 | AR13: 6923390
B14: 31/10/2025 | D14: 70 | E14: 1500 | F14: 2000 | G14: 125000 | H14: 42000 | I14: 11 | J14: 0 | L14: 1006000 | M14: 1413750 | N14: 2115000 | O14: 4816451 | P14: 1888049 | Q14: 154700 | R14: 0 | T14: 44 | U14: 2060 | V14: 1800 | W14: 123500 | X14: 108400 | Y14: 14 | Z14: 23 | AB14: 14313 | AC14: 1050 | AD14: 1096 | AE14: 34 | AF14: 39 | AG14: 13196 | AH14: 195224 | AJ14: 638091 | AK14: 1983972 | AL14: 1915424 | AM14: 4758654 | AN14: 4468637 | AO14: 191420 | AP14: 3970804 | AR14: 17927003

Sheet Packing Stock Tracker >>>>>
B3: Packaging Stock Tracker >>>>>>>>>>>>

Sheet 12100
A1: Received Date | B1: Particular | C1: Opening Stock | D1: Purchase Quantity | E1: Unit Cost | F1: Total Cost (Purchase + Carriage Inward) | G1: Total Stock Before Production | H1: WAC per Unit | I1: Used in Production | J1: Ground Stock | K1: Closing Inventory Value | L1: Cost of Production | N1: =OB_Feb_2025!B2 -> ပိုက်အိပ် | O1: =OB_Feb_2025!A2 -> 12100
A2: 14/2/2025 | B2: ဖောက်ပိုက် - 7Kg ပါ ၁၀ အိတ် | C2: 0 | D2: 70 | E2: 14257.4 | F2: 998015.8 | G2: 70 | H2: 14257.37 | I2: 33 | J2: 37 | K2: 527522.63 | L2: 470493.16
A3: 45811 | B3: ဖောက်ပိုက်သေး ( 10KG x 10) | C3: 37 | D3: 100 | E3: 13610 | F3: 1361000 | G3: 137 | H3: 13784.84 | I3: 129.5 | J3: 7.5 | K3: 103386.28 | L3: 1785136.4
A4: 30/4/2025 | B4: Dummy for month closing | C4: 7.5 | D4: 0 | F4: 0 | G4: 7.5 | H4: 13784.84 | I4: -13.5 | J4: 21 | K4: 289481.57 | L4: -186095.3 | N4: note make mistake in previous calculation of ground stock units - 6*7.5
A5: 45782 | B5: ဖောက်ပိုက် ( 7kg x 5 အိတ် x 15000 ) | C5: 21 | D5: 35 | E5: 15148.6 | F5: 530200 | G5: 56 | H5: 14637.17
A6: 14/5/2025 | B6: ဖောက်ပိုက် ( 7kg x 5 အိတ် x 15000 ) | C6: 56 | D6: 35 | E6: 15742.9 | F6: 551000 | G6: 91 | H6: 15062.43 | I6: 84 | J6: 7 | K6: 105437.04 | L6: 1265244.5
A7: 45814 | B7: ဖောက်ပိုက် ( 7kg x 5 အိတ် x 15000 ) | C7: 7 | D7: 35 | E7: 15291.9 | F7: 535216.6 | G7: 42 | H7: 15253.66
A8: 18/6/2025 | B8: ဖောက်ပိုက် ( 7kg x 5 အိတ် x 14000 ) | C8: 42 | D8: 35 | E8: 14077.6 | F8: 492717 | G8: 77 | H8: 14719.1 | I8: 74 | J8: 3 | K8: 44157.3 | L8: 1089213.3
A9: 13/7/2025 | B9: ပိုက် ( 7kg x 5 Bag x 14000) | C9: 3 | D9: 35 | E9: 14277.8 | F9: 499721.4 | G9: 38 | H9: 14312.6 | I9: 10 | J9: 28 | K9: 400752.76 | L9: 143125.98
A10: 30/8/2025 | B10: Dummy for month closing | C10: 28 | D10: 0 | F10: 0 | G10: 28 | H10: 14312.6 | I10: 28 | J10: 0 | K10: 0 | L10: 400752.76
A11: 45939 | B11: ပိုက်အိပ်5 x7x14000 | C11: 0 | D11: 35 | E11: 14371.4 | F11: 503000 | G11: 35 | H11: 14371.43 | I11: 14 | J11: 21 | K11: 301800 | L11: 201200
A12: 17/10/2025 | B12: ပိုက် (10x7x14000) | C12: 21 | D12: 70 | E12: 14371.4 | F12: 1006000 | G12: 91 | H12: 14371.43 | I12: 44.4 | J12: 46.6 | K12: 669708.57 | L12: 638091.43
F13: =D13*E13 -> 0 | G13: =C13+D13 -> 0 | H13: =IF(G13=0,0,((C13*H12)+(D13*E13))/G13) -> 0 | I13: =IF(ISBLANK(J13),"",G13-J13) | K13: =IF(ISBLANK(J13),"",J13*H13) | L13: =IF(ISBLANK(J13),"",I13*H13)
F14: =D14*E14 -> 0 | G14: =C14+D14 -> 0 | H14: =IF(G14=0,0,((C14*H13)+(D14*E14))/G14) -> 0 | I14: =IF(ISBLANK(J14),"",G14-J14) | K14: =IF(ISBLANK(J14),"",J14*H14) | L14: =IF(ISBLANK(J14),"",I14*H14)
F15: =D15*E15 -> 0 | G15: =C15+D15 -> 0 | H15: =IF(G15=0,0,((C15*H14)+(D15*E15))/G15) -> 0 | I15: =IF(ISBLANK(J15),"",G15-J15) | K15: =IF(ISBLANK(J15),"",J15*H15) | L15: =IF(ISBLANK(J15),"",I15*H15)
F16: =D16*E16 -> 0 | G16: =C16+D16 -> 0 | H16: =IF(G16=0,0,((C16*H15)+(D16*E16))/G16) -> 0 | I16: =IF(ISBLANK(J16),"",G16-J16) | K16: =IF(ISBLANK(J16),"",J16*H16) | L16: =IF(ISBLANK(J16),"",I16*H16)
F17: =D17*E17 -> 0 | G17: =C17+D17 -> 0 | H17: =IF(G17=0,0,((C17*H16)+(D17*E17))/G17) -> 0 | I17: =IF(ISBLANK(J17),"",G17-J17) | K17: =IF(ISBLANK(J17),"",J17*H17) | L17: =IF(ISBLANK(J17),"",I17*H17)
F18: =D18*E18 -> 0 | G18: =C18+D18 -> 0 | H18: =IF(G18=0,0,((C18*H17)+(D18*E18))/G18) -> 0 | I18: =IF(ISBLANK(J18),"",G18-J18) | K18: =IF(ISBLANK(J18),"",J18*H18) | L18: =IF(ISBLANK(J18),"",I18*H18)
F19: =D19*E19 -> 0 | G19: =C19+D19 -> 0 | H19: =IF(G19=0,0,((C19*H18)+(D19*E19))/G19) -> 0 | I19: =IF(ISBLANK(J19),"",G19-J19) | K19: =IF(ISBLANK(J19),"",J19*H19) | L19: =IF(ISBLANK(J19),"",I19*H19)
F20: =D20*E20 -> 0 | G20: =C20+D20 -> 0 | H20: =IF(G20=0,0,((C20*H19)+(D20*E20))/G20) -> 0 | I20: =IF(ISBLANK(J20),"",G20-J20) | K20: =IF(ISBLANK(J20),"",J20*H20) | L20: =IF(ISBLANK(J20),"",I20*H20)
F21: =D21*E21 -> 0 | G21: =C21+D21 -> 0 | H21: =IF(G21=0,0,((C21*H20)+(D21*E21))/G21) -> 0 | I21: =IF(ISBLANK(J21),"",G21-J21) | K21: =IF(ISBLANK(J21),"",J21*H21) | L21: =IF(ISBLANK(J21),"",I21*H21)
F22: =D22*E22 -> 0 | G22: =C22+D22 -> 0 | H22: =IF(G22=0,0,((C22*H21)+(D22*E22))/G22) -> 0 | I22: =IF(ISBLANK(J22),"",G22-J22) | K22: =IF(ISBLANK(J22),"",J22*H22) | L22: =IF(ISBLANK(J22),"",I22*H22)
F23: =D23*E23 -> 0 | G23: =C23+D23 -> 0 | H23: =IF(G23=0,0,((C23*H22)+(D23*E23))/G23) -> 0 | I23: =IF(ISBLANK(J23),"",G23-J23) | K23: =IF(ISBLANK(J23),"",J23*H23) | L23: =IF(ISBLANK(J23),"",I23*H23)

Sheet 12101
A1: Received Date | B1: Particular | C1: Opening Stock | D1: Purchase Quantity | E1: Unit Cost | F1: Total Cost (Purchase + Carriage Inward) | G1: Total Stock Before Production | H1: WAC per Unit | I1: Used in Production | J1: Ground Stock | K1: Closing Inventory Value | L1: Cost of Production | N1: =OB_Feb_2025!B3 -> ဂျပ်ဖာ သေး | O1: =OB_Feb_2025!A3 -> 12101
A2: 16/2/2025 | B2: တံဆိပ်သေး | C2: 0 | D2: 6000 | E2: 1025.4 | F2: 6152417.2 | G2: 6000 | H2: 1025.4 | I2: 3960 | J2: 2040 | K2: 2091821.8 | L2: 4060595.3
A3: 15/3/2025 | B3: ရာြပည့်ဂျပ်ဖာသေး 6000x1010 | C3: 2040 | D3: 6000 | E3: £1,062.00 | F3: 6372000 | G3: 8040 | H3: 1052.71
A4: 22/3/2025 | B4: ရာြပည့်ဂျပ်ဖာသေး 1290x1010 | C4: 8040 | D4: 1290 | E4: £1,045.79 | F4: 1349065.4 | G4: 9330 | H4: 1051.76 | I4: 3650 | J4: 5680 | K4: 5973976.4 | L4: 3838910.9
A5: 26/4/2025 | B5: ရာြပည့် ဂျပ်ဖာ 1313 x 1010 | C5: 5680 | D5: 1313 | E5: £1,042.67 | F5: 1369030 | G5: 6993 | H5: 1050.05 | I5: 493 | J5: 6500 | K5: 6825331.2 | L5: 517675.12
A6: 31/5/2025 | B6: Dummy for month closing | C6: 6500 | D6: 0 | F6: 0 | G6: 6500 | H6: 1050.05 | I6: 1820 | J6: 4680 | K6: 4914238.5 | L6: 1911092.8
A7: 30/6/2025 | B7: Dummy for month closing | C7: 4680 | D7: 0 | F7: 0 | G7: 4680 | H7: 1050.05 | I7: 1160 | J7: 3520 | K7: 3696179.4 | L7: 1218059.1
A8: 31/7/2025 | B8: Dummy for month closing | C8: 3520 | D8: 0 | F8: 0 | G8: 3520 | H8: 1050.05 | I8: 1200 | J8: 2320 | K8: 2436118.2 | L8: 1260061.1
A9: 30/8/2025 | B9: Dummy for month closing | C9: 2320 | D9: 0 | F9: 0 | G9: 2320 | H9: 1050.05 | I9: 1300 | J9: 1020 | K9: 1071052 | L9: 1365066.2
A10: 18/9/2025 | B10: ဂျပ်ဖာသေး 1500 x940 | C10: 1020 | D10: 1500 | E10: £940.00 | F10: 1410000 | G10: 2520 | H10: 984.54 | I10: 1080 | J10: 1440 | K10: 1417744 | L10: 1063308
A11: 13/10/2025 | B11: ဂျပ်ဖာအသေး (1500x910) | C11: 1440 | D11: 1500 | E11: £942.50 | F11: 1413750 | G11: 2940 | H11: 963.09 | I11: 2060 | J11: 880 | K11: 847522.01 | L11: 1983972
K12: =IF(ISBLANK(J12),"",J12*H12) | L12: =IF(ISBLANK(J12),"",I12*H12)
K13: =IF(ISBLANK(J13),"",J13*H13) | L13: =IF(ISBLANK(J13),"",I13*H13)
K14: =IF(ISBLANK(J14),"",J14*H14) | L14: =IF(ISBLANK(J14),"",I14*H14)
K15: =IF(ISBLANK(J15),"",J15*H15) | L15: =IF(ISBLANK(J15),"",I15*H15)
K16: =IF(ISBLANK(J16),"",J16*H16) | L16: =IF(ISBLANK(J16),"",I16*H16)
K17: =IF(ISBLANK(J17),"",J17*H17) | L17: =IF(ISBLANK(J17),"",I17*H17)
K18: =IF(ISBLANK(J18),"",J18*H18) | L18: =IF(ISBLANK(J18),"",I18*H18)
K19: =IF(ISBLANK(J19),"",J19*H19) | L19: =IF(ISBLANK(J19),"",I19*H19)
K20: =IF(ISBLANK(J20),"",J20*H20) | L20: =IF(ISBLANK(J20),"",I20*H20)
K21: =IF(ISBLANK(J21),"",J21*H21) | L21: =IF(ISBLANK(J21),"",I21*H21)

Sheet 12102
A1: Received Date | B1: Particular | C1: Opening Stock | D1: Purchase Quantity | E1: Unit Cost | F1: Total Cost (Purchase + Carriage Inward) | G1: Total Stock Before Production | H1: WAC per Unit | I1: Used in Production | J1: Ground Stock | K1: Closing Inventory Value | L1: Cost of Production | N1: =OB_Feb_2025!B4 -> ဂျပ်ဖာ ကြီး | O1: =OB_Feb_2025!A4 -> 12102
A2: 18/2/2025 | B2: တံဆိပ်သေး | C2: 302 | D2: 2000 | E2: £1,167.54 | F2: 2335075.8 | G2: 2302 | H2: 1165.24 | I2: 0 | J2: 2302 | K2: 2682375.8 | L2: 0
A3: 22/3/2025 | B3: ရာပြည့်ဂျပ်ဖာ ကြီး 2872 x1120 | C3: 2302 | D3: 2872 | E3: £1,159.68 | F3: 3330614.6 | G3: 5174 | H3: 1162.16 | I3: 2345 | J3: 2829 | K3: 3287736.7 | L3: 2725253.7
A4: 28/4/2025 | B4: ရာြပည့် ဂျပ်ဖာ ကြီး 5691x1120 | C4: 2829 | D4: 5691 | E4: £1,146.04 | F4: 6522120 | G4: 8520 | H4: 1151.39 | I4: 3140 | J4: 5380 | K4: 6194487 | L4: 3615369.7
A5: 16/5/2025 | B5: ရာပြည့် ဂျပ်ဖာကြီး4875x1090 | C5: 5380 | D5: 4875 | E5: £1,116.03 | F5: 5440670 | G5: 10255 | H5: 1134.58 | I5: 6235 | J5: 4020 | K5: 4561026.9 | L5: 7074130.1
A6: 30/6/2025 | B6: Dummy for month closing | C6: 4020 | D6: 0 | F6: 0 | G6: 4020 | H6: 1134.58 | I6: 3160 | J6: 860 | K6: 975742.08 | L6: 3585284.9
A7: 45664 | B7: အကြီး ( ၃၃၁၅ x ၁၀၆၀) | C7: 860 | D7: 3315 | E7: £1,086.04 | F7: 3600220 | G7: 4175 | H7: 1096.04 | I7: 1975 | J7: 2200 | K7: 2411285.4 | L7: 2164676.7
A8: 30/8/2025 | B8: Dummy for month closing | C8: 2200 | D8: 0 | F8: 0 | G8: 2200 | H8: 1096.04 | I8: 1320 | J8: 880 | K8: 964514.16 | L8: 1446771.2
A9: 22/9/2025 | B9: ဂျပ်ဖာ အကြီး 1500 x1060 | C9: 880 | D9: 1500 | E9: £1,060.00 | F9: 1590000 | G9: 2380 | H9: 1073.33 | I9: 940 | J9: 1440 | K9: 1545588.4 | L9: 1008925.8
A10: 17/10/2025 | B10: ဂျပ်ဖာအကြီး (2000x1025) | C10: 1440 | D10: 2000 | E10: £1,057.50 | F10: 2115000 | G10: 3440 | H10: 1064.12 | I10: 1800 | J10: 1640 | K10: 1745164.2 | L10: 1915424.2
I11: =IF(ISBLANK(J11),"",G11-J11) | K11: =IF(ISBLANK(J11),"",J11*H11) | L11: =IF(ISBLANK(J11),"",I11*H11)
I12: =IF(ISBLANK(J12),"",G12-J12) | K12: =IF(ISBLANK(J12),"",J12*H12) | L12: =IF(ISBLANK(J12),"",I12*H12)
I13: =IF(ISBLANK(J13),"",G13-J13) | K13: =IF(ISBLANK(J13),"",J13*H13) | L13: =IF(ISBLANK(J13),"",I13*H13)

Sheet 12103
A1: Received Date | B1: Particular | C1: Opening Stock | D1: Purchase Quantity | E1: Unit Cost | F1: Total Cost (Purchase + Carriage Inward) | G1: Total Stock Before Production | H1: WAC per Unit | I1: Used in Production | J1: Ground Stock | K1: Closing Inventory Value | L1: Cost of Production | N1: =OB_Feb_2025!B5 -> ပလပ်စတစ်ခွက်(140 ml) | O1: =OB_Feb_2025!A5 -> 12103
A2: 14/2/2025 | B2: 140 ml ပလတ်စတစ်ခွက် 5000 ပါ 15 ဖာ | C2: 0 | D2: 75000 | E2: £33.10 | F2: 2482309.7 | G2: 75000 | H2: 33.1
A3: 15/2/2025 | B3: 140 ml ပလတ်စတစ်ခွက် 5000 ပါ 50 ဖာ | C3: 75000 | D3: 250000 | E3: £33.10 | F3: 8274365.6 | G3: 325000 | H3: 33.1 | I3: 320000 | J3: 5000 | K3: 165487.31 | L3: 10591188
A4: 45811 | B4: 140 ml ခွက်သေး(5000x70ဖာx33) | C4: 5000 | D4: 350000 | E4: £33.80 | F4: 11830587 | G4: 355000 | H4: 33.79 | I4: 255000 | J4: 100000 | K4: 3379175.9 | L4: 8616898.4
A5: 30/4/2025 | B5: Dummy for month closing | C5: 100000 | D5: 0 | F5: 0 | G5: 100000 | H5: 33.79 | I5: 36000 | J5: 64000 | K5: 2162672.5 | L5: 1216503.3
A6: 14/5/2025 | B6: 140 ml (5000x20ဖာx35) | C6: 64000 | D6: 100000 | E6: £36.37 | F6: 3636500 | G6: 164000 | H6: 35.36 | I6: 104000 | J6: 60000 | K6: 2121648.5 | L6: 3677524.1
A7: 30/6/2025 | B7: Dummy for month closing | C7: 60000 | D7: 0 | F7: 0 | G7: 60000 | H7: 35.36 | I7: 60000 | J7: 0 | K7: 0 | L7: 2121648.5
A8: 45664 | B8: 140 ml ( 5000 x 20 no x 33 ) | C8: 0 | D8: 100000 | E8: £33.67 | F8: 3366801.6 | G8: 100000 | H8: 33.67 | I8: 75000 | J8: 25000 | K8: 841700.4 | L8: 2525101.2
A9: 16/8/2025 | B9: 140ml ခွက် ( 5000x10ဖာx33) | C9: 25000 | D9: 50000 | E9: £33.63 | F9: 1681563.8 | G9: 75000 | H9: 33.64 | I9: 75000 | J9: 0 | K9: 0 | L9: 2523264.2
A10: 46000 | B10: 140ml ခွက်သေ: (5000x10x33) | C10: 0 | D10: 50000 | E10: £33.66 | F10: 1682971 | G10: 50000 | H10: 33.66 | I10: 50000 | J10: 0 | K10: 0 | L10: 1682971
A11: 45667 | B11: 140ml ခွက်သေး(5000x25ဖာx33) | C11: 0 | D11: 125000 | E11: £38.53 | F11: 4816451.1 | G11: 125000 | H11: 38.53 | I11: 123500 | J11: 1500 | K11: 57797.41 | L11: 4758653.7
I12: =IF(ISBLANK(J12),"",G12-J12) | K12: =IF(ISBLANK(J12),"",J12*H12) | L12: =IF(ISBLANK(J12),"",I12*H12)
I13: =IF(ISBLANK(J13),"",G13-J13) | K13: =IF(ISBLANK(J13),"",J13*H13) | L13: =IF(ISBLANK(J13),"",I13*H13)
I14: =IF(ISBLANK(J14),"",G14-J14) | K14: =IF(ISBLANK(J14),"",J14*H14) | L14: =IF(ISBLANK(J14),"",I14*H14)

Sheet 12104
A1: Received Date | B1: Particular | C1: Opening Stock | D1: Purchase Quantity | E1: Unit Cost | F1: Total Cost (Purchase + Carriage Inward) | G1: Total Stock Before Production | H1: WAC per Unit | I1: Used in Production | J1: Ground Stock | K1: Closing Inventory Value | L1: Cost of Production | N1: =OB_Feb_2025!B6 -> ပလပ်စတစ်ခွက်(175ml) | O1: =OB_Feb_2025!A6 -> 12104
A2: 14/2/2025 | B2: 175 ml ပလတ်စတစ်ခွက် 4200 ပါ 20 ဖာ 2 boxtra | C2: 4000 | D2: 91700 | E2: £38.70 | F2: 3548659 | G2: 95700 | H2: 38.67 | I2: 100 | J2: 95600 | K2: 3696792 | L2: 3866.94
A3: 15/3/2025 | B3: မစန်းစန်း၀င်း175 ml(4200x35x38)38ကျပ် | C3: 95600 | D3: 147000 | E3: £38.77 | F3: 5699750 | G3: 242600 | H3: 38.73 | I3: 148800 | J3: 93800 | K3: 3633123 | L3: 5763419
A4: 26/4/2025 | B4: 175 ml ခွက် 4200x35x39 | C4: 93800 | D4: 147000 | E4: £39.77 | F4: 5846750 | G4: 240800 | H4: 39.37 | I4: 163800 | J4: 77000 | K4: 3031354.7 | L4: 6448518.3
A5: 45782 | B5: 175 ml ပလတ်စတစ်ခွက် 4200 ပါ 35 | C5: 77000 | D5: 147000 | E5: £39.12 | F5: 5750500 | G5: 224000 | H5: 39.2
A6: 14/5/2025 | B6: 175 ml (4200x50ဖာx38.5) | C6: 224000 | D6: 210000 | E6: £39.15 | F6: 8221500 | G6: 434000 | H6: 39.18 | I6: 407050 | J6: 26950 | K6: 1055853.5 | L6: 15947501
A7: 45814 | B7: 175 ml ( 4200x 20 no x 38.5) | C7: 26950 | D7: 84000 | E7: £39.25 | F7: 3296934.3 | G7: 110950 | H7: 39.23
A8: 18/6/2025 | B8: 175 ml ( 4200 x 20 no x 38.5 ) | C8: 110950 | D8: 84000 | E8: £38.71 | F8: 3251932.1 | G8: 194950 | H8: 39.01 | I8: 194950 | J8: 0 | K8: 0 | L8: 7604719.8
A9: 45664 | B9: 175 ml ( 4200 x 30 no x 38.5 ) | C9: 0 | D9: 126000 | E9: £39.28 | F9: 4949198.4 | G9: 126000 | H9: 39.28 | I9: 122150 | J9: 3850 | K9: 151225.51 | L9: 4797972.9
A10: 16/8/2025 | B10: 175ml ခွက် ( 4200x20ဖာx38.5) | C10: 3850 | D10: 84000 | E10: £39.24 | F10: 3295865.1 | G10: 87850 | H10: 39.24 | I10: 72450 | J10: 15400 | K10: 604270.86 | L10: 2842819.7
A11: 46000 | B11: 175ml ခွက်ကြီး(4200x25x38.5) | C11: 15400 | D11: 105000 | E11: £39.27 | F11: 4123279 | G11: 120400 | H11: 39.27 | I11: 40400 | J11: 80000 | K11: 3141229.1 | L11: 1586320.7
A12: 45667 | B12: 175ml ခွက်ကြီး(4200x10ဖာx38.5) | C12: 80000 | D12: 42000 | E12: £44.95 | F12: 1888048.9 | G12: 122000 | H12: 41.22 | I12: 108400 | J12: 13600 | K12: 560640.82 | L12: 4468637.2

Sheet 12105
A1: Received Date | B1: Particular | C1: Opening Stock | D1: Purchase Quantity | E1: Unit Cost | F1: Total Cost (Purchase + Carriage Inward) | G1: Total Stock Before Production | H1: WAC per Unit | I1: Used in Production | J1: Ground Stock | K1: Closing Inventory Value | L1: Cost of Production | N1: =OB_Feb_2025!B7 -> တိတ် | O1: =OB_Feb_2025!A7 -> 12105
A2: 18/2/2025 | B2: တိပ်ခွေ 15 x 13200 မာကာပင် ၁ | C2: 0 | D2: 15 | E2: £13,280.00 | F2: 199200 | G2: 15 | H2: 13280 | I2: 8 | J2: 7 | K2: 92960 | L2: 106240
A3: 45811 | B3: G-1000 တိပ် 12 x 13200 | C3: 7 | D3: 12 | E3: £13,300.00 | F3: 159600 | G3: 19 | H3: 13292.63 | I3: 19 | J3: 0 | K3: 0 | L3: 252560
A4: 45661 | B4: G-1000 တိပ် 12 x 13200 မာကာပင် ၁ | C4: 0 | D4: 12 | E4: £13,483.33 | F4: 161800 | G4: 12 | H4: 13483.33
A5: 18/4/2025 | B5: G-1000 တိပ် 11 x 13200 စတာပလာ ၃ | C5: 12 | D5: 11 | E5: £13,436.36 | F5: 147800 | G5: 23 | H5: 13460.87
A6: 27/4/2025 | B6: G-1000 တိပ် 12 x 13200 စတာပလာ ၃ | C6: 23 | D6: 12 | E6: £13,566.67 | F6: 162800 | G6: 35 | H6: 13497.14 | I6: 27 | J6: 8 | K6: 107977.14 | L6: 364422.86
A7: 13/5/2025 | B7: 2လက်မတိတ်အကြည် 4x16000 | C7: 8 | D7: 4 | E7: £16,000.00 | F7: 64000 | G7: 12 | H7: 14331.43
A8: 15/5/2025 | B8: တိုင်းချစ် တိတ် 2ခု | C8: 12 | D8: 2 | E8: £11,000.00 | F8: 22000 | G8: 14 | H8: 13855.51
A9: 16/5/2025 | B9: တိုင်းချစ် တိတ် 8ခု | C9: 14 | D9: 8 | E9: £11,000.00 | F9: 88000 | G9: 22 | H9: 12817.14
A10: 26/5/2025 | B10: တကသိုလ်2 1/2တိတ် 10 | C10: 22 | D10: 10 | E10: £8,600.00 | F10: 86000 | G10: 32 | H10: 11499.29
A11: 31/5/2025 | B11: တိုင်းချစ် တိတ်ခွေ | C11: 32 | D11: 14 | E11: £8,714.29 | F11: 122000 | G11: 46 | H11: 10651.68 | I11: 36 | J11: 10 | K11: 106516.77 | L11: 383460.37
A12: 17/6/2025 | B12: ပါကင်တိတ်ကြည် | C12: 10 | D12: 12 | E12: £9,750.00 | F12: 117000 | G12: 22 | H12: 10159.85 | I12: 21 | J12: 1 | K12: 10159.85 | L12: 213356.92
A13: 45876 | B13: G-1000 တိတ် ( ၁၀ x 13000) | C13: 1 | D13: 10 | E13: £13,500.00 | F13: 135000 | G13: 11 | H13: 13196.35 | I13: 8 | J13: 3 | K13: 39589.05 | L13: 105570.8
A14: 30/8/2025 | B14: Dummy for month closing | C14: 3 | D14: 0 | F14: 0 | G14: 3 | H14: 13196.35 | I14: 0 | J14: 3 | K14: 39589.05 | L14: 0
A15: 22/9/2025 | B15: တိတ် 20 x 13000 | C15: 3 | D15: 20 | E15: £13,250.00 | F15: 265000 | G15: 23 | H15: 13243 | I15: 13 | J15: 10 | K15: 132430.02 | L15: 172159.03
A16: 25/10/2025 | B16: ကိုက် ၁၀၀၀ တိတ်ကြည် | C16: 10 | D16: 11 | E16: £14,063.64 | F16: 154700 | G16: 21 | H16: 13672.86 | I16: 14 | J16: 7 | K16: 95710.01 | L16: 191420.01

Sheet 12106
A1: Received Date | B1: Particular | C1: Opening Stock | D1: Purchase Quantity | E1: Unit Cost | F1: Total Cost (Purchase + Carriage Inward) | G1: Total Stock Before Production | H1: WAC per Unit | I1: Used in Production | J1: Ground Stock | K1: Closing Inventory Value | L1: Cost of Production | N1: =OB_Feb_2025!B8 -> အဖုံ ပိတ်လိပ် | O1: =OB_Feb_2025!A8 -> 12106
A2: 27/2/2025 | B2: ပိတ်လိပ် ( 65 x 40 = 2600 x 4440) | C2: 40 | D2: 65 | E2: £177,892.09 | F2: 11562986 | G2: 105 | H2: 180599.87 | I2: 30 | J2: 75 | K2: 13544990 | L2: 5417996
A3: 22/3/2025 | B3: ပိတ်လိမ် 8.32 လိပ်(333 $x4420) | C3: 75 | D3: 8.32 | E3: £182,896.63 | F3: 1521700 | G3: 83.32 | H3: 180829.21 | I3: 36.32 | J3: 47 | K3: 8498973 | L3: 6567717
A4: 30/4/2025 | B4: Dummy for month closing | C4: 47 | D4: 0 | F4: 0 | G4: 47 | H4: 180829.21 | I4: 18 | J4: 29 | K4: 5244047.2 | L4: 3254925.8
A5: 31/5/2025 | B5: ပိတ်လိပ် 24 | C5: 29 | D5: 65 | E5: £201,646.15 | F5: 13107000 | G5: 94 | H5: 195223.91 | I5: 46 | J5: 48 | K5: 9370747.5 | L5: 8980299.7
A6: 30/6/2025 | B6: Dummy for month closing | C6: 48 | D6: 0 | F6: 0 | G6: 48 | H6: 195223.91 | I6: 25 | J6: 23 | K6: 4490149.8 | L6: 4880597.7
A7: 31/7/2025 | B7: Dummy for month closing | C7: 23 | D7: 0 | F7: 0 | G7: 23 | H7: 195223.91 | I7: 17 | J7: 6 | K7: 1171343.4 | L7: 3318806.4
A8: 30/8/2025 | B8: ပိတ်လိပ် | C8: 6 | D8: 66 | E8: £170,590.91 | F8: 11259000 | G8: 72 | H8: 172643.66 | I8: 14 | J8: 58 | K8: 10013332 | L8: 2417011.2
A9: 30/9/2025 | B9: Dummy for month closing | C9: 58 | D9: 0 | F9: 0 | G9: 58 | H9: 172643.66 | I9: 7 | J9: 51 | K9: 8804826.6 | L9: 1208505.6
A10: 31/10/2025 | B10: Dummy for month closing | C10: 51 | D10: 0 | F10: 0 | G10: 51 | H10: 172643.66 | I10: 23 | J10: 28 | K10: 4834022.5 | L10: 3970804.1

Sheet 12107
A1: Received Date | B1: Particular | C1: Opening Stock | D1: Purchase Quantity | E1: Unit Cost | F1: Total Cost (Purchase + Carriage Inward) | G1: Total Stock Before Production | H1: WAC per Unit | I1: Used in Production | J1: Ground Stock | K1: Closing Inventory Value | L1: Cost of Production

Sheet 12108
A1: Received Date | B1: Particular | C1: Opening Stock | D1: Purchase Quantity | E1: Unit Cost | F1: Total Cost (Purchase + Carriage Inward) | G1: Total Stock Before Production | H1: WAC per Unit | I1: Used in Production | J1: Ground Stock | K1: Closing Inventory Value | L1: Cost of Production

Sheet 12109
A1: Received Date | B1: Particular | C1: Opening Stock | D1: Purchase Quantity | E1: Unit Cost | F1: Total Cost (Purchase + Carriage Inward) | G1: Total Stock Before Production | H1: WAC per Unit | I1: Used in Production | J1: Ground Stock | K1: Closing Inventory Value | L1: Cost of Production

Sheet 12110
A1: Received Date | B1: Particular | C1: Opening Stock | D1: Purchase Quantity | E1: Unit Cost | F1: Total Cost (Purchase + Carriage Inward) | G1: Total Stock Before Production | H1: WAC per Unit | I1: Used in Production | J1: Ground Stock | K1: Closing Inventory Value | L1: Cost of Production

Sheet 12111
A1: Received Date | B1: Particular | C1: Opening Stock | D1: Purchase Quantity | E1: Unit Cost | F1: Total Cost (Purchase + Carriage Inward) | G1: Total Stock Before Production | H1: WAC per Unit | I1: Used in Production | J1: Ground Stock | K1: Closing Inventory Value | L1: Cost of Production

Sheet 12112
A1: Received Date | B1: Particular | C1: Opening Stock | D1: Purchase Quantity | E1: Unit Cost | F1: Total Cost (Purchase + Carriage Inward) | G1: Total Stock Before Production | H1: WAC per Unit | I1: Used in Production | J1: Ground Stock | K1: Closing Inventory Value | L1: Cost of Production

Sheet Opening Balance>>>>>

Sheet OB_Feb_2025
A1: Inventory Code | B1: Raw Material Name | C1: Unit Measure | D1: Opening Stock | E1: Weighted Average Cost Per Unit (MMK) | F1: Total Stock Value (MMK) | G1: As of Date | H1: Status
A2: 12100 | B2: ပိုက်အိပ် | C2: Kg | D2: 0 | E2: 14000 | F2: 0 | G2: 45902 | H2: Sold out
A3: 12101 | B3: ဂျပ်ဖာ သေး | C3: Box | D3: 0 | E3: 1010 | F3: 0 | G3: 45902 | H3: Sold out
A4: 12102 | B4: ဂျပ်ဖာ ကြီး | C4: Box | D4: 302 | E4: 1150 | F4: 347300 | G4: 45902 | H4: Sold out | L4: =SUM(OB_Feb_2025!$F$2:$F$8) -> 7899300
A5: 12103 | B5: ပလပ်စတစ်ခွက်(140 ml) | C5: Cup | D5: 0 | E5: 33 | F5: 0 | G5: 45902 | H5: Sold out | L5: 35537429
A6: 12104 | B6: ပလပ်စတစ်ခွက်(175ml) | C6: Cup | D6: 4000 | E6: 38 | F6: 152000 | G6: 45902 | H6: Sold out | L6: =L4+L5 -> 43436729
A7: 12105 | B7: တိတ် | C7: Roll | D7: 0 | E7: 13200 | F7: 0 | G7: 45902 | H7: Sold out
A8: 12106 | B8: အဖုံ ပိတ်လိပ် | C8: Roll | D8: 40 | E8: 185000 | F8: 7400000 | G8: 45902 | H8: In stock

Sheet OB_Mar_2025
E2: Total Stock Value | F2: =SUM(OB_Mar_2025!$F$4:$F$10) -> 22801950
A3: Inventory Code | B3: Raw Material Name | C3: Unit Measure | D3: Opening Stock | E3: Weighted Average Cost Per Unit (MMK) | F3: Total Stock Value (MMK) | G3: As of Date | H3: Changes in Stock | I3: Changes in Unit Price | J3: Status
A4: 12100 | B4: ပိုက်အိပ် | C4: Kg | D4: 37 | E4: 14257 | F4: 527523 | G4: 45660 | H4: 37 | I4: 0.0184 | J4: In stock
A5: 12101 | B5: ဂျပ်ဖာ သေး | C5: Box | D5: 2040 | E5: 1025 | F5: 2091822 | G5: 45660 | H5: 2040 | I5: 0.0153 | J5: In stock
A6: 12102 | B6: ဂျပ်ဖာ ကြီး | C6: Box | D6: 2302 | E6: 1165 | F6: 2682376 | G6: 45660 | H6: 2000 | I6: 0.0132 | J6: In stock
A7: 12103 | B7: ပလပ်စတစ်ခွက်(140 ml) | C7: Cup | D7: 5000 | E7: 33 | F7: 165487 | G7: 45660 | H7: 5000 | I7: 0.003 | J7: In stock
A8: 12104 | B8: ပလပ်စတစ်ခွက်(175ml) | C8: Cup | D8: 95600 | E8: 39 | F8: 3696792 | G8: 45660 | H8: 91600 | I8: 0.0176 | J8: In stock
A9: 12105 | B9: တိတ် | C9: Roll | D9: 7 | E9: 13280 | F9: 92960 | G9: 45660 | H9: 7 | I9: 0.0061 | J9: In stock
A10: 12106 | B10: အဖုံ ပိတ်လိပ် | C10: Roll | D10: 75 | E10: 180600 | F10: 13544990 | G10: 45660 | H10: 35 | I10: -0.0238 | J10: In stock
M12: Please copy weighted averagge cost from cogs tracker tab to ensure uniform calculation

Sheet OB_April_2025
E2: Total Stock Value | F2: =SUM(OB_April_2025!$F$4:$F$10) -> 24876371
A3: Inventory Code | B3: Raw Material Name | C3: Unit Measure | D3: Opening Stock | E3: Weighted Average Cost Per Unit (MMK) | F3: Total Stock Value (MMK) | G3: As of Date | H3: Changes in Stock | I3: Changes in Unit Price | J3: Status
A4: 12100 | B4: ပိုက်အိပ် | C4: Kg | D4: 8 | E4: 13785 | F4: 103386 | G4: 45661 | H4: 7.5 | I4: -0.0154 | J4: In stock
A5: 12101 | B5: ဂျပ်ဖာ သေး | C5: Box | D5: 5680 | E5: 1052 | F5: 5973976 | G5: 45661 | H5: 5680 | I5: 0.0413 | J5: In stock
A6: 12102 | B6: ဂျပ်ဖာ ကြီး | C6: Box | D6: 2829 | E6: 1162 | F6: 3287737 | G6: 45661 | H6: 2527 | I6: 0.0106 | J6: In stock
A7: 12103 | B7: ပလပ်စတစ်ခွက်(140 ml) | C7: Cup | D7: 100000 | E7: 34 | F7: 3379176 | G7: 45661 | H7: 100000 | I7: 0.024 | J7: In stock
A8: 12104 | B8: ပလပ်စတစ်ခွက်(175ml) | C8: Cup | D8: 93800 | E8: 39 | F8: 3633123 | G8: 45661 | H8: 89800 | I8: 0.0193 | J8: In stock
A9: 12105 | B9: တိတ် | C9: Roll | D9: 0 | E9: 13293 | F9: 0 | G9: 45661 | H9: 0 | I9: 0.007 | J9: In stock
A10: 12106 | B10: အဖုံ ပိတ်လိပ် | C10: Roll | D10: 47 | E10: 180829 | F10: 8498973 | G10: 45661 | H10: 7 | I10: -0.0225 | J10: In stock
M12: Please copy weighted averagge cost from cogs tracker tab to ensure uniform calculation

Sheet OB_May_2025
E2: Total Stock Value | F2: =SUM(OB_May_2025!$F$4:$F$10) -> 23855352
A3: Inventory Code | B3: Raw Material Name | C3: Unit Measure | D3: Opening Stock | E3: Weighted Average Cost Per Unit (MMK) | F3: Total Stock Value (MMK) | G3: As of Date | H3: Changes in Stock | I3: Changes in Unit Price | J3: Status
A4: 12100 | B4: ပိုက်အိပ် | C4: Kg | D4: 21 | E4: 13785 | F4: 289482 | G4: 45662 | H4: 21 | I4: -0.0154 | J4: In stock
A5: 12101 | B5: ဂျပ်ဖာ သေး | C5: Box | D5: 6500 | E5: 1050 | F5: 6825331 | G5: 45662 | H5: 6500 | I5: 0.0397 | J5: In stock
A6: 12102 | B6: ဂျပ်ဖာ ကြီး | C6: Box | D6: 5380 | E6: 1151 | F6: 6194487 | G6: 45662 | H6: 5078 | I6: 0.0012 | J6: In stock
A7: 12103 | B7: ပလပ်စတစ်ခွက်(140 ml) | C7: Cup | D7: 64000 | E7: 34 | F7: 2162673 | G7: 45662 | H7: 64000 | I7: 0.024 | J7: In stock
A8: 12104 | B8: ပလပ်စတစ်ခွက်(175ml) | C8: Cup | D8: 77000 | E8: 39 | F8: 3031355 | G8: 45662 | H8: 73000 | I8: 0.036 | J8: In stock
A9: 12105 | B9: တိတ် | C9: Roll | D9: 8 | E9: 13497 | F9: 107977 | G9: 45662 | H9: 8 | I9: 0.0225 | J9: In stock
A10: 12106 | B10: အဖုံ ပိတ်လိပ် | C10: Roll | D10: 29 | E10: 180829 | F10: 5244047 | G10: 45662 | H10: -11 | I10: -0.0225 | J10: In stock
M12: Please copy weighted averagge cost from cogs tracker tab to ensure uniform calculation

Sheet OB_June_2025
E2: Total Stock Value | F2: =SUM(OB_June_2025!$F$4:$F$10) -> 22235467
A3: Inventory Code | B3: Raw Material Name | C3: Unit Measure | D3: Opening Stock | E3: Weighted Average Cost Per Unit (MMK) | F3: Total Stock Value (MMK) | G3: As of Date | H3: Changes in Stock | I3: Changes in Unit Price | J3: Status
A4: 12100 | B4: ပိုက်အိပ် | C4: Kg | D4: 7 | E4: 15062 | F4: 105437 | G4: 45663 | H4: 7 | I4: 0.0759 | J4: In stock
A5: 12101 | B5: ဂျပ်ဖာ သေး | C5: Box | D5: 4680 | E5: 1050 | F5: 4914238 | G5: 45663 | H5: 4680 | I5: 0.0397 | J5: In stock
A6: 12102 | B6: ဂျပ်ဖာ ကြီး | C6: Box | D6: 4020 | E6: 1135 | F6: 4561027 | G6: 45663 | H6: 3718 | I6: -0.0134 | J6: In stock
A7: 12103 | B7: ပလပ်စတစ်ခွက်(140 ml) | C7: Cup | D7: 60000 | E7: 35 | F7: 2121648 | G7: 45663 | H7: 60000 | I7: 0.0715 | J7: In stock
A8: 12104 | B8: ပလပ်စတစ်ခွက်(175ml) | C8: Cup | D8: 26950 | E8: 39 | F8: 1055853 | G8: 45663 | H8: 22950 | I8: 0.031 | J8: In stock
A9: 12105 | B9: တိတ် | C9: Roll | D9: 10 | E9: 10652 | F9: 106517 | G9: 45663 | H9: 10 | I9: -0.1931 | J9: In stock
A10: 12106 | B10: အဖုံ ပိတ်လိပ် | C10: Roll | D10: 48 | E10: 195224 | F10: 9370747 | G10: 45663 | H10: 8 | I10: 0.0553 | J10: In stock
M12: Please copy weighted averagge cost from cogs tracker tab to ensure uniform calculation

Sheet OB_July_2025
E2: Total Stock Value | F2: =SUM(OB_July_2025!$F$4:$F$10) -> 9216388
A3: Inventory Code | B3: Raw Material Name | C3: Unit Measure | D3: Opening Stock | E3: Weighted Average Cost Per Unit (MMK) | F3: Total Stock Value (MMK) | G3: As of Date | H3: Changes in Stock | I3: Changes in Unit Price | J3: Status
A4: 12100 | B4: ပိုက်အိပ် | C4: Kg | D4: 3 | E4: 14719 | F4: 44157 | G4: 45663 | H4: 3 | I4: 0.0514 | J4: In stock
A5: 12101 | B5: ဂျပ်ဖာ သေး | C5: Box | D5: 3520 | E5: 1050 | F5: 3696179 | G5: 45663 | H5: 3520 | I5: 0.0397 | J5: In stock
A6: 12102 | B6: ဂျပ်ဖာ ကြီး | C6: Box | D6: 860 | E6: 1135 | F6: 975742 | G6: 45663 | H6: 558 | I6: -0.0134 | J6: In stock
A7: 12103 | B7: ပလပ်စတစ်ခွက်(140 ml) | C7: Cup | D7: 0 | E7: 35 | F7: 0 | G7: 45663 | H7: 0 | I7: 0.0715 | J7: In stock
A8: 12104 | B8: ပလပ်စတစ်ခွက်(175ml) | C8: Cup | D8: 0 | E8: 39 | F8: 0 | G8: 45663 | H8: -4000 | I8: 0.0265 | J8: In stock
A9: 12105 | B9: တိတ် | C9: Roll | D9: 1 | E9: 10160 | F9: 10160 | G9: 45663 | H9: 1 | I9: -0.2303 | J9: In stock
A10: 12106 | B10: အဖုံ ပိတ်လိပ် | C10: Roll | D10: 23 | E10: 195224 | F10: 4490150 | G10: 45663 | H10: -17 | I10: 0.0553 | J10: In stock
M12: Please copy weighted averagge cost from cogs tracker tab to ensure uniform calculation

Sheet OB_August_2025
E2: Total Stock Value | F2: =SUM(OB_August_2025!$F$4:$F$10) -> 7452014
A3: Inventory Code | B3: Raw Material Name | C3: Unit Measure | D3: Opening Stock | E3: Weighted Average Cost Per Unit (MMK) | F3: Total Stock Value (MMK) | G3: As of Date | H3: Changes in Stock | I3: Changes in Unit Price | J3: Status
A4: 12100 | B4: ပိုက်အိပ် | C4: Kg | D4: 28 | E4: 14313 | F4: 400753 | G4: 45663 | H4: 28 | I4: 0.0223 | J4: In stock
A5: 12101 | B5: ဂျပ်ဖာ သေး | C5: Box | D5: 2320 | E5: 1050 | F5: 2436118 | G5: 45663 | H5: 2320 | I5: 0.0397 | J5: In stock
A6: 12102 | B6: ဂျပ်ဖာ ကြီး | C6: Box | D6: 2200 | E6: 1096 | F6: 2411285 | G6: 45663 | H6: 1898 | I6: -0.0469 | J6: In stock
A7: 12103 | B7: ပလပ်စတစ်ခွက်(140 ml) | C7: Cup | D7: 25000 | E7: 34 | F7: 841700 | G7: 45663 | H7: 25000 | I7: 0.0202 | J7: In stock
A8: 12104 | B8: ပလပ်စတစ်ခွက်(175ml) | C8: Cup | D8: 3850 | E8: 39 | F8: 151226 | G8: 45663 | H8: -150 | I8: 0.0337 | J8: In stock
A9: 12105 | B9: တိတ် | C9: Roll | D9: 3 | E9: 13196 | F9: 39589 | G9: 45663 | H9: 3 | I9: -0.0003 | J9: In stock
A10: 12106 | B10: အဖုံ ပိတ်လိပ် | C10: Roll | D10: 6 | E10: 195224 | F10: 1171343 | G10: 45663 | H10: -34 | I10: 0.0553 | J10: In stock
M12: Please copy weighted averagge cost from cogs tracker tab to ensure uniform calculation

Sheet OB_Sept_2025
E2: Total Stock Value | F2: =SUM(OB_Sept_2025!$F$4:$F$10) -> 12692758
A3: Inventory Code | B3: Raw Material Name | C3: Unit Measure | D3: Opening Stock | E3: Weighted Average Cost Per Unit (MMK) | F3: Total Stock Value (MMK) | G3: As of Date | H3: Changes in Stock | I3: Changes in Unit Price | J3: Status
A4: 12100 | B4: ပိုက်အိပ် | C4: Kg | D4: 0 | E4: 14313 | F4: 0 | G4: 45663 | H4: 0 | I4: 0 | J4: In stock
A5: 12101 | B5: ဂျပ်ဖာ သေး | C5: Box | D5: 1020 | E5: 1050 | F5: 1071052 | G5: 45663 | H5: 1020 | I5: 0 | J5: In stock
A6: 12102 | B6: ဂျပ်ဖာ ကြီး | C6: Box | D6: 880 | E6: 1096 | F6: 964514 | G6: 45663 | H6: 578 | I6: 0 | J6: In stock
A7: 12103 | B7: ပလပ်စတစ်ခွက်(140 ml) | C7: Cup | D7: 0 | E7: 34 | F7: 0 | G7: 45663 | H7: 0 | I7: -0.0007 | J7: In stock
A8: 12104 | B8: ပလပ်စတစ်ခွက်(175ml) | C8: Cup | D8: 15400 | E8: 39 | F8: 604271 | G8: 45663 | H8: 11400 | I8: -0.001 | J8: In stock
A9: 12105 | B9: တိတ် | C9: Roll | D9: 3 | E9: 13196 | F9: 39589 | G9: 45663 | H9: 3 | I9: 0 | J9: In stock
A10: 12106 | B10: အဖုံ ပိတ်လိပ် | C10: Roll | D10: 58 | E10: 172644 | F10: 10013332 | G10: 45663 | H10: 18 | I10: -0.1157 | J10: In stock
M12: Please copy weighted averagge cost from cogs tracker tab to ensure uniform calculation

Sheet OB_Oct_2025
E2: Total Stock Value | F2: =SUM(OB_Oct_2025!$F$4:$F$10) -> 15343618 | G2: `
A3: Inventory Code | B3: Raw Material Name | C3: Unit Measure | D3: Opening Stock | E3: Weighted Average Cost Per Unit (MMK) | F3: Total Stock Value (MMK) | G3: As of Date | H3: Changes in Stock | I3: Changes in Unit Price | J3: Status
A4: 12100 | B4: ပိုက်အိပ် | C4: Kg | D4: 21 | E4: 14371.429 | F4: =D4*E4 -> 301800 | G4: 45809 | H4: =D4-OB_Feb_2025!D2 -> 21 | I4: =E4/OB_August_2025!E4-1 -> 0.004082203 | J4: In stock
A5: 12101 | B5: ဂျပ်ဖာ သေး | C5: Box | D5: 1440 | E5: 984.54444 | F5: =D5*E5 -> 1417744 | G5: 45809 | H5: =D5-OB_Feb_2025!D3 -> 1440 | I5: =E5/OB_August_2025!E5-1 -> -0.062338632 | J5: In stock
A6: 12102 | B6: ဂျပ်ဖာ ကြီး | C6: Box | D6: 1440 | E6: 1073.3253 | F6: =D6*E6 -> 1545588.4 | G6: 45809 | H6: =D6-OB_Feb_2025!D4 -> 1138 | I6: =E6/OB_August_2025!E6-1 -> -0.020688615 | J6: In stock
A7: 12103 | B7: ပလပ်စတစ်ခွက်(140 ml) | C7: Cup | D7: 0 | E7: 33.65942 | F7: =D7*E7 -> 0 | G7: 45809 | H7: =D7-OB_Feb_2025!D5 -> 0 | I7: =E7/OB_August_2025!E7-1 -> -0.01001705 | J7: In stock
A8: 12104 | B8: ပလပ်စတစ်ခွက်(175ml) | C8: Cup | D8: 80000 | E8: 39.265364 | F8: =D8*E8 -> 3141229.1 | G8: 45809 | H8: =D8-OB_Feb_2025!D6 -> 76000 | I8: =E8/OB_August_2025!E8-1 -> 0.00680421 | J8: In stock
A9: 12105 | B9: တိတ် | C9: Roll | D9: 10 | E9: 13243.002 | F9: =D9*E9 -> 132430.02 | G9: 45809 | H9: =D9-OB_Feb_2025!D7 -> 10 | I9: =E9/OB_August_2025!E9-1 -> 0.003561853 | J9: In stock
A10: 12106 | B10: အဖုံ ပိတ်လိပ် | C10: Roll | D10: 51 | E10: 172643.66 | F10: =D10*E10 -> 8804826.6 | G10: 45809 | H10: =D10-OB_Feb_2025!D8 -> 11 | I10: =E10/OB_August_2025!E10-1 -> -0.11566376 | J10: In stock
M12: Please copy weighted averagge cost from cogs tracker tab to ensure uniform calculation

Sheet OB_Nov_2025
E2: Total Stock Value | F2: =SUM(OB_Nov_2025!$F$4:$F$10) -> 8810565.5 | G2: `
A3: Inventory Code | B3: Raw Material Name | C3: Unit Measure | D3: Opening Stock | E3: Weighted Average Cost Per Unit (MMK) | F3: Total Stock Value (MMK) | G3: As of Date | H3: Changes in Stock | I3: Changes in Unit Price | J3: Status
A4: 12100 | B4: ပိုက်အိပ် | C4: Kg | D4: 46.6 | E4: 14371.429 | F4: =D4*E4 -> 669708.57 | G4: 45809 | H4: =D4-OB_Feb_2025!D2 -> 46.6 | I4: =E4/OB_August_2025!E4-1 -> 0.004082203 | J4: In stock
A5: 12101 | B5: ဂျပ်ဖာ သေး | C5: Box | D5: 880 | E5: 963.09319 | F5: =D5*E5 -> 847522.01 | G5: 45809 | H5: =D5-OB_Feb_2025!D3 -> 880 | I5: =E5/OB_August_2025!E5-1 -> -0.082768387 | J5: In stock
A6: 12102 | B6: ဂျပ်ဖာ ကြီး | C6: Box | D6: 1640 | E6: 1064.1245 | F6: =D6*E6 -> 1745164.2 | G6: 45809 | H6: =D6-OB_Feb_2025!D4 -> 1338 | I6: =E6/OB_August_2025!E6-1 -> -0.029083453 | J6: In stock
A7: 12103 | B7: ပလပ်စတစ်ခွက်(140 ml) | C7: Cup | D7: 1500 | E7: 38.531609 | F7: =D7*E7 -> 57797.414 | G7: 45809 | H7: =D7-OB_Feb_2025!D5 -> 1500 | I7: =E7/OB_August_2025!E7-1 -> 0.13328262 | J7: In stock
A8: 12104 | B8: ပလပ်စတစ်ခွက်(175ml) | C8: Cup | D8: 13600 | E8: 41.22359 | F8: =D8*E8 -> 560640.82 | G8: 45809 | H8: =D8-OB_Feb_2025!D6 -> 9600 | I8: =E8/OB_August_2025!E8-1 -> 0.057015129 | J8: In stock
A9: 12105 | B9: တိတ် | C9: Roll | D9: 7 | E9: 13672.858 | F9: =D9*E9 -> 95710.007 | G9: 45809 | H9: =D9-OB_Feb_2025!D7 -> 7 | I9: =E9/OB_August_2025!E9-1 -> 0.036136571 | J9: In stock
A10: 12106 | B10: အဖုံ ပိတ်လိပ် | C10: Roll | D10: 28 | E10: 172643.66 | F10: =D10*E10 -> 4834022.4 | G10: 45809 | H10: =D10-OB_Feb_2025!D8 -> -12 | I10: =E10/OB_August_2025!E10-1 -> -0.11566376 | J10: In stock
M12: Please copy weighted averagge cost from cogs tracker tab to ensure uniform calculation
